ClusterID,Machine,ClusterStart,ClusterEnd,RunSec,CycleCount
274,21 DOOSAN PUMA700,2025-12-31 22:00:00+00:00,2026-01-01 03:37:29+00:00,20249,1
380,22 DMU NLX 2500 old,2025-12-31 22:00:00+00:00,2025-12-31 22:14:55+00:00,895,1
1106,66 DMU NLX 2500,2025-12-31 22:00:00+00:00,2025-12-31 22:21:42+00:00,1100,2
807,41 DMU NLX2500,2025-12-31 22:00:00+00:00,2025-12-31 22:36:13+00:00,1975,4
381,22 DMU NLX 2500 old,2025-12-31 22:44:03+00:00,2026-01-01 00:25:02+00:00,4788,9
1107,66 DMU NLX 2500,2025-12-31 22:48:31+00:00,2026-01-01 00:07:56+00:00,3676,5
809,41 DMU NLX2500,2025-12-31 23:09:14+00:00,2025-12-31 23:20:23+00:00,669,1
810,41 DMU NLX2500,2025-12-31 23:34:39+00:00,2025-12-31 23:52:48+00:00,1089,1
811,41 DMU NLX2500,2026-01-01 00:35:49+00:00,2026-01-01 01:12:12+00:00,2008,3
812,41 DMU NLX2500,2026-01-01 01:33:07+00:00,2026-01-01 02:37:13+00:00,2925,5
813,41 DMU NLX2500,2026-01-01 03:04:57+00:00,2026-01-01 03:23:06+00:00,1089,1
703,24 DOOSAN PUMA 3100L,2026-01-01 05:15:18+00:00,2026-01-01 06:37:55+00:00,4263,4
1,102 HAAS VF4,2026-01-01 05:40:43+00:00,2026-01-01 07:20:17+00:00,4104,9
135,103 HAAS VF4,2026-01-01 06:36:33+00:00,2026-01-01 07:12:30+00:00,410,42
704,24 DOOSAN PUMA 3100L,2026-01-01 07:03:03+00:00,2026-01-01 08:29:27+00:00,4263,4
2,102 HAAS VF4,2026-01-01 07:37:31+00:00,2026-01-01 14:44:05+00:00,21669,26
705,24 DOOSAN PUMA 3100L,2026-01-01 08:41:41+00:00,2026-01-01 10:02:12+00:00,4263,4
706,24 DOOSAN PUMA 3100L,2026-01-01 10:54:35+00:00,2026-01-01 12:13:31+00:00,4263,5
707,24 DOOSAN PUMA 3100L,2026-01-01 12:24:48+00:00,2026-01-01 13:42:30+00:00,4263,4
275,21 DOOSAN PUMA700,2026-01-01 14:26:48+00:00,2026-01-01 14:45:45+00:00,1056,2
708,24 DOOSAN PUMA 3100L,2026-01-01 14:38:14+00:00,2026-01-01 15:52:02+00:00,4262,4
491,23 DOOSAN PUMA 700,2026-01-01 14:43:21+00:00,2026-01-01 15:11:35+00:00,748,5
276,21 DOOSAN PUMA700,2026-01-01 15:12:44+00:00,2026-01-01 15:40:51+00:00,1590,6
382,22 DMU NLX 2500 old,2026-01-01 15:15:57+00:00,2026-01-01 17:35:38+00:00,6123,10
1108,66 DMU NLX 2500,2026-01-01 15:16:41+00:00,2026-01-01 17:36:12+00:00,6060,17
492,23 DOOSAN PUMA 700,2026-01-01 15:27:41+00:00,2026-01-01 15:43:24+00:00,641,4
814,41 DMU NLX2500,2026-01-01 15:47:42+00:00,2026-01-01 16:47:34+00:00,2280,5
493,23 DOOSAN PUMA 700,2026-01-01 15:55:16+00:00,2026-01-01 16:03:44+00:00,398,2
277,21 DOOSAN PUMA700,2026-01-01 15:58:19+00:00,2026-01-01 16:16:33+00:00,664,2
709,24 DOOSAN PUMA 3100L,2026-01-01 16:03:07+00:00,2026-01-01 17:26:32+00:00,4264,4
494,23 DOOSAN PUMA 700,2026-01-01 16:16:21+00:00,2026-01-01 17:05:27+00:00,1122,9
278,21 DOOSAN PUMA700,2026-01-01 16:29:30+00:00,2026-01-01 17:09:48+00:00,2118,7
815,41 DMU NLX2500,2026-01-01 17:00:37+00:00,2026-01-01 19:25:05+00:00,6015,9
495,23 DOOSAN PUMA 700,2026-01-01 17:20:17+00:00,2026-01-01 17:26:50+00:00,328,2
710,24 DOOSAN PUMA 3100L,2026-01-01 17:36:41+00:00,2026-01-01 18:49:12+00:00,4265,4
279,21 DOOSAN PUMA700,2026-01-01 17:38:23+00:00,2026-01-01 19:15:38+00:00,4351,14
496,23 DOOSAN PUMA 700,2026-01-01 17:42:46+00:00,2026-01-01 19:42:43+00:00,3553,21
1109,66 DMU NLX 2500,2026-01-01 17:48:56+00:00,2026-01-01 19:12:15+00:00,3807,5
383,22 DMU NLX 2500 old,2026-01-01 17:49:52+00:00,2026-01-01 22:35:24+00:00,13578,22
1110,66 DMU NLX 2500,2026-01-01 19:23:27+00:00,2026-01-01 21:35:37+00:00,6087,9
280,21 DOOSAN PUMA700,2026-01-01 19:35:25+00:00,2026-01-01 20:39:38+00:00,3284,6
711,24 DOOSAN PUMA 3100L,2026-01-01 19:37:38+00:00,2026-01-01 20:54:08+00:00,4267,4
816,41 DMU NLX2500,2026-01-01 19:41:57+00:00,2026-01-01 20:19:36+00:00,1758,2
497,23 DOOSAN PUMA 700,2026-01-01 20:07:16+00:00,2026-01-01 20:45:28+00:00,1518,9
817,41 DMU NLX2500,2026-01-01 20:41:21+00:00,2026-01-01 21:18:15+00:00,2009,3
281,21 DOOSAN PUMA700,2026-01-01 21:00:44+00:00,2026-01-01 21:36:22+00:00,1902,5
498,23 DOOSAN PUMA 700,2026-01-01 21:01:24+00:00,2026-01-01 23:02:31+00:00,3968,26
712,24 DOOSAN PUMA 3100L,2026-01-01 21:17:51+00:00,2026-01-01 22:39:10+00:00,4267,5
818,41 DMU NLX2500,2026-01-01 21:37:06+00:00,2026-01-01 22:18:46+00:00,2005,3
1111,66 DMU NLX 2500,2026-01-01 21:46:14+00:00,2026-01-01 23:07:28+00:00,3806,5
282,21 DOOSAN PUMA700,2026-01-01 21:46:26+00:00,2026-01-01 21:51:58+00:00,332,1
283,21 DOOSAN PUMA700,2026-01-01 22:03:26+00:00,2026-01-01 22:44:01+00:00,2166,5
384,22 DMU NLX 2500 old,2026-01-01 22:49:34+00:00,2026-01-01 23:08:04+00:00,633,3
820,41 DMU NLX2500,2026-01-01 22:53:46+00:00,2026-01-01 23:04:56+00:00,670,1
284,21 DOOSAN PUMA700,2026-01-01 22:55:04+00:00,2026-01-01 23:00:35+00:00,331,1
285,21 DOOSAN PUMA700,2026-01-01 23:26:58+00:00,2026-01-02 00:00:33+00:00,1836,4
821,41 DMU NLX2500,2026-01-01 23:27:38+00:00,2026-01-01 23:45:47+00:00,1089,1
499,23 DOOSAN PUMA 700,2026-01-01 23:30:32+00:00,2026-01-01 23:51:25+00:00,1083,6
1112,66 DMU NLX 2500,2026-01-01 23:36:03+00:00,2026-01-02 03:10:43+00:00,9877,16
385,22 DMU NLX 2500 old,2026-01-01 23:41:01+00:00,2026-01-02 03:20:57+00:00,10273,16
286,21 DOOSAN PUMA700,2026-01-02 00:12:47+00:00,2026-01-02 05:27:33+00:00,18646,5
823,41 DMU NLX2500,2026-01-02 00:27:29+00:00,2026-01-02 00:59:18+00:00,1758,2
825,41 DMU NLX2500,2026-01-02 02:11:38+00:00,2026-01-02 02:22:48+00:00,670,1
826,41 DMU NLX2500,2026-01-02 02:33:40+00:00,2026-01-02 02:51:49+00:00,1089,1
1113,66 DMU NLX 2500,2026-01-02 05:00:22+00:00,2026-01-02 05:12:50+00:00,748,1
972,65 DMU NLX 2500,2026-01-02 05:01:34+00:00,2026-01-02 05:07:29+00:00,320,2
827,41 DMU NLX2500,2026-01-02 05:07:03+00:00,2026-01-02 06:52:40+00:00,5348,9
386,22 DMU NLX 2500 old,2026-01-02 05:07:22+00:00,2026-01-02 05:47:10+00:00,1972,4
500,23 DOOSAN PUMA 700,2026-01-02 05:24:04+00:00,2026-01-02 06:48:18+00:00,2163,12
1114,66 DMU NLX 2500,2026-01-02 05:27:09+00:00,2026-01-02 07:35:23+00:00,6098,10
973,65 DMU NLX 2500,2026-01-02 05:27:23+00:00,2026-01-02 06:03:04+00:00,1255,7
713,24 DOOSAN PUMA 3100L,2026-01-02 05:38:35+00:00,2026-01-02 07:00:56+00:00,4264,4
287,21 DOOSAN PUMA700,2026-01-02 05:42:12+00:00,2026-01-02 06:35:45+00:00,2049,6
192,104 DOOSAN DNM6700,2026-01-02 05:46:16+00:00,2026-01-02 07:10:11+00:00,4234,13
387,22 DMU NLX 2500 old,2026-01-02 06:03:30+00:00,2026-01-02 06:46:17+00:00,2427,2
501,23 DOOSAN PUMA 700,2026-01-02 06:59:52+00:00,2026-01-02 09:28:38+00:00,4641,25
388,22 DMU NLX 2500 old,2026-01-02 07:02:43+00:00,2026-01-02 07:59:19+00:00,3053,5
714,24 DOOSAN PUMA 3100L,2026-01-02 07:14:28+00:00,2026-01-02 08:43:00+00:00,4263,4
288,21 DOOSAN PUMA700,2026-01-02 07:22:32+00:00,2026-01-02 07:35:31+00:00,773,3
193,104 DOOSAN DNM6700,2026-01-02 07:36:18+00:00,2026-01-02 09:12:34+00:00,4231,15
289,21 DOOSAN PUMA700,2026-01-02 07:47:48+00:00,2026-01-02 09:36:38+00:00,4586,6
1115,66 DMU NLX 2500,2026-01-02 07:58:52+00:00,2026-01-02 08:25:51+00:00,1523,2
976,65 DMU NLX 2500,2026-01-02 08:01:45+00:00,2026-01-02 08:20:36+00:00,705,3
389,22 DMU NLX 2500 old,2026-01-02 08:12:28+00:00,2026-01-02 10:13:58+00:00,6124,10
1116,66 DMU NLX 2500,2026-01-02 08:50:14+00:00,2026-01-02 10:16:59+00:00,4572,6
978,65 DMU NLX 2500,2026-01-02 09:04:28+00:00,2026-01-02 09:55:33+00:00,1747,8
194,104 DOOSAN DNM6700,2026-01-02 09:25:09+00:00,2026-01-02 10:52:36+00:00,4232,8
502,23 DOOSAN PUMA 700,2026-01-02 09:39:56+00:00,2026-01-02 10:03:39+00:00,680,5
290,21 DOOSAN PUMA700,2026-01-02 09:47:29+00:00,2026-01-02 11:12:21+00:00,4499,3
1117,66 DMU NLX 2500,2026-01-02 10:31:26+00:00,2026-01-02 11:31:02+00:00,3048,4
979,65 DMU NLX 2500,2026-01-02 10:35:38+00:00,2026-01-02 10:47:14+00:00,319,2
390,22 DMU NLX 2500 old,2026-01-02 10:36:16+00:00,2026-01-02 11:33:02+00:00,3057,5
504,23 DOOSAN PUMA 700,2026-01-02 10:40:07+00:00,2026-01-02 11:16:40+00:00,1082,6
195,104 DOOSAN DNM6700,2026-01-02 11:03:15+00:00,2026-01-02 11:36:17+00:00,1823,4
980,65 DMU NLX 2500,2026-01-02 11:04:22+00:00,2026-01-02 11:27:42+00:00,815,4
291,21 DOOSAN PUMA700,2026-01-02 11:24:23+00:00,2026-01-02 11:41:42+00:00,1039,1
505,23 DOOSAN PUMA 700,2026-01-02 11:30:54+00:00,2026-01-02 11:50:20+00:00,991,5
196,104 DOOSAN DNM6700,2026-01-03 16:40:59+00:00,2026-01-03 17:28:57+00:00,2420,7
3,102 HAAS VF4,2026-01-03 16:45:58+00:00,2026-01-03 19:01:21+00:00,6640,4
1118,66 DMU NLX 2500,2026-01-03 17:08:30+00:00,2026-01-03 21:37:53+00:00,12958,25
506,23 DOOSAN PUMA 700,2026-01-03 17:11:24+00:00,2026-01-03 17:43:33+00:00,1167,7
981,65 DMU NLX 2500,2026-01-03 17:12:37+00:00,2026-01-03 20:14:08+00:00,5989,33
391,22 DMU NLX 2500 old,2026-01-03 17:15:03+00:00,2026-01-03 18:17:15+00:00,3063,5
197,104 DOOSAN DNM6700,2026-01-03 17:41:55+00:00,2026-01-03 18:57:27+00:00,4222,8
507,23 DOOSAN PUMA 700,2026-01-03 18:02:52+00:00,2026-01-03 19:02:53+00:00,2162,12
392,22 DMU NLX 2500 old,2026-01-03 18:28:35+00:00,2026-01-03 23:52:56+00:00,15788,28
198,104 DOOSAN DNM6700,2026-01-03 19:09:35+00:00,2026-01-03 20:27:47+00:00,4224,10
508,23 DOOSAN PUMA 700,2026-01-03 19:16:46+00:00,2026-01-03 19:47:54+00:00,1081,6
828,41 DMU NLX2500,2026-01-03 19:23:54+00:00,2026-01-03 23:56:30+00:00,14040,25
4,102 HAAS VF4,2026-01-03 19:38:43+00:00,2026-01-03 20:33:34+00:00,3291,1
982,65 DMU NLX 2500,2026-01-03 20:27:21+00:00,2026-01-03 20:42:39+00:00,426,3
199,104 DOOSAN DNM6700,2026-01-03 20:40:00+00:00,2026-01-03 21:08:57+00:00,1454,8
5,102 HAAS VF4,2026-01-03 20:47:42+00:00,2026-01-03 23:51:20+00:00,9910,4
983,65 DMU NLX 2500,2026-01-03 20:53:10+00:00,2026-01-03 21:13:57+00:00,706,3
200,104 DOOSAN DNM6700,2026-01-03 21:20:41+00:00,2026-01-03 21:44:43+00:00,777,6
201,104 DOOSAN DNM6700,2026-01-03 22:01:00+00:00,2026-01-03 22:46:40+00:00,2534,4
986,65 DMU NLX 2500,2026-01-03 22:31:28+00:00,2026-01-03 23:42:58+00:00,2268,12
202,104 DOOSAN DNM6700,2026-01-03 22:59:16+00:00,2026-01-04 00:20:59+00:00,4267,9
987,65 DMU NLX 2500,2026-01-03 23:55:46+00:00,2026-01-04 00:02:11+00:00,385,1
988,65 DMU NLX 2500,2026-01-04 00:13:49+00:00,2026-01-04 00:19:33+00:00,317,2
6,102 HAAS VF4,2026-01-04 00:25:06+00:00,2026-01-04 01:20:12+00:00,3306,1
203,104 DOOSAN DNM6700,2026-01-04 00:33:09+00:00,2026-01-04 01:55:54+00:00,4230,6
829,41 DMU NLX2500,2026-01-04 00:38:08+00:00,2026-01-04 04:43:39+00:00,12028,20
393,22 DMU NLX 2500 old,2026-01-04 00:39:01+00:00,2026-01-04 03:50:46+00:00,9326,16
989,65 DMU NLX 2500,2026-01-04 00:45:54+00:00,2026-01-04 04:34:27+00:00,6490,35
7,102 HAAS VF4,2026-01-04 01:36:16+00:00,2026-01-04 02:31:25+00:00,3309,1
394,22 DMU NLX 2500 old,2026-01-04 04:03:23+00:00,2026-01-04 04:48:01+00:00,2419,2
395,22 DMU NLX 2500 old,2026-01-04 05:06:04+00:00,2026-01-04 10:05:40+00:00,13969,24
990,65 DMU NLX 2500,2026-01-04 05:20:03+00:00,2026-01-04 05:32:44+00:00,439,3
8,102 HAAS VF4,2026-01-04 05:22:08+00:00,2026-01-04 08:26:12+00:00,9474,4
830,41 DMU NLX2500,2026-01-04 05:24:43+00:00,2026-01-04 06:06:11+00:00,2008,3
509,23 DOOSAN PUMA 700,2026-01-04 05:31:22+00:00,2026-01-04 06:01:40+00:00,1395,8
991,65 DMU NLX 2500,2026-01-04 05:43:40+00:00,2026-01-04 06:08:19+00:00,1016,5
715,24 DOOSAN PUMA 3100L,2026-01-04 05:46:37+00:00,2026-01-04 06:04:57+00:00,643,2
510,23 DOOSAN PUMA 700,2026-01-04 06:12:33+00:00,2026-01-04 06:28:49+00:00,766,5
992,65 DMU NLX 2500,2026-01-04 06:20:41+00:00,2026-01-04 09:51:36+00:00,8119,44
831,41 DMU NLX2500,2026-01-04 06:20:56+00:00,2026-01-04 06:59:04+00:00,2006,3
716,24 DOOSAN PUMA 3100L,2026-01-04 06:22:07+00:00,2026-01-04 07:25:46+00:00,3621,2
511,23 DOOSAN PUMA 700,2026-01-04 06:45:14+00:00,2026-01-04 09:39:19+00:00,6777,39
832,41 DMU NLX2500,2026-01-04 07:28:33+00:00,2026-01-04 08:08:07+00:00,2006,3
717,24 DOOSAN PUMA 3100L,2026-01-04 07:38:02+00:00,2026-01-04 07:50:24+00:00,302,3
295,21 DOOSAN PUMA700,2026-01-04 07:42:47+00:00,2026-01-04 08:04:30+00:00,634,12
1120,66 DMU NLX 2500,2026-01-04 08:15:35+00:00,2026-01-04 08:52:01+00:00,798,22
718,24 DOOSAN PUMA 3100L,2026-01-04 08:25:01+00:00,2026-01-04 08:32:57+00:00,476,1
9,102 HAAS VF4,2026-01-04 08:37:27+00:00,2026-01-04 09:40:28+00:00,3343,2
719,24 DOOSAN PUMA 3100L,2026-01-04 08:43:43+00:00,2026-01-04 09:49:37+00:00,3787,3
834,41 DMU NLX2500,2026-01-04 08:59:58+00:00,2026-01-04 09:56:21+00:00,2679,4
1121,66 DMU NLX 2500,2026-01-04 09:03:23+00:00,2026-01-04 09:48:39+00:00,1172,17
993,65 DMU NLX 2500,2026-01-04 10:30:39+00:00,2026-01-04 11:43:27+00:00,2878,14
396,22 DMU NLX 2500 old,2026-01-04 10:31:26+00:00,2026-01-04 16:46:57+00:00,17121,28
512,23 DOOSAN PUMA 700,2026-01-04 10:34:32+00:00,2026-01-04 10:44:12+00:00,578,2
835,41 DMU NLX2500,2026-01-04 10:39:45+00:00,2026-01-04 11:22:44+00:00,2004,3
10,102 HAAS VF4,2026-01-04 10:47:19+00:00,2026-01-04 11:39:41+00:00,3142,1
513,23 DOOSAN PUMA 700,2026-01-04 11:00:03+00:00,2026-01-04 11:47:21+00:00,1867,12
720,24 DOOSAN PUMA 3100L,2026-01-04 11:21:42+00:00,2026-01-04 12:43:03+00:00,4265,4
299,21 DOOSAN PUMA700,2026-01-04 11:25:10+00:00,2026-01-04 13:07:33+00:00,4262,37
836,41 DMU NLX2500,2026-01-04 11:32:57+00:00,2026-01-04 11:51:11+00:00,1092,2
1122,66 DMU NLX 2500,2026-01-04 11:45:44+00:00,2026-01-04 12:36:59+00:00,1106,15
514,23 DOOSAN PUMA 700,2026-01-04 11:58:36+00:00,2026-01-04 12:29:49+00:00,1476,10
11,102 HAAS VF4,2026-01-04 12:06:59+00:00,2026-01-04 13:21:20+00:00,3590,6
838,41 DMU NLX2500,2026-01-04 12:38:58+00:00,2026-01-04 13:09:26+00:00,1748,2
515,23 DOOSAN PUMA 700,2026-01-04 12:41:10+00:00,2026-01-04 12:51:01+00:00,579,2
1123,66 DMU NLX 2500,2026-01-04 12:54:20+00:00,2026-01-04 13:58:10+00:00,1871,10
516,23 DOOSAN PUMA 700,2026-01-04 13:01:06+00:00,2026-01-04 13:49:14+00:00,1587,10
839,41 DMU NLX2500,2026-01-04 13:31:32+00:00,2026-01-04 14:12:11+00:00,2006,3
12,102 HAAS VF4,2026-01-04 13:37:08+00:00,2026-01-04 14:31:33+00:00,3265,1
721,24 DOOSAN PUMA 3100L,2026-01-04 13:49:35+00:00,2026-01-04 15:13:09+00:00,4262,4
517,23 DOOSAN PUMA 700,2026-01-04 14:01:20+00:00,2026-01-04 14:25:55+00:00,1082,6
1124,66 DMU NLX 2500,2026-01-04 14:12:55+00:00,2026-01-04 14:21:26+00:00,414,2
994,65 DMU NLX 2500,2026-01-04 14:16:55+00:00,2026-01-04 14:34:25+00:00,747,5
840,41 DMU NLX2500,2026-01-04 14:27:30+00:00,2026-01-04 16:46:31+00:00,7104,10
1125,66 DMU NLX 2500,2026-01-04 14:32:07+00:00,2026-01-04 15:11:10+00:00,1285,8
518,23 DOOSAN PUMA 700,2026-01-04 14:38:13+00:00,2026-01-04 15:46:05+00:00,2740,14
995,65 DMU NLX 2500,2026-01-04 14:52:15+00:00,2026-01-04 15:07:49+00:00,706,3
13,102 HAAS VF4,2026-01-04 14:52:38+00:00,2026-01-04 15:53:08+00:00,3630,1
996,65 DMU NLX 2500,2026-01-04 15:18:12+00:00,2026-01-04 18:31:56+00:00,6097,33
722,24 DOOSAN PUMA 3100L,2026-01-04 15:29:23+00:00,2026-01-04 16:48:26+00:00,4267,4
1127,66 DMU NLX 2500,2026-01-04 15:51:06+00:00,2026-01-04 16:12:02+00:00,525,8
519,23 DOOSAN PUMA 700,2026-01-04 16:01:47+00:00,2026-01-04 17:11:38+00:00,2849,14
14,102 HAAS VF4,2026-01-04 16:10:29+00:00,2026-01-04 18:06:06+00:00,6620,2
1128,66 DMU NLX 2500,2026-01-04 16:22:14+00:00,2026-01-04 18:56:52+00:00,5883,23
208,104 DOOSAN DNM6700,2026-01-04 16:28:27+00:00,2026-01-04 18:10:41+00:00,2819,74
841,41 DMU NLX2500,2026-01-04 16:56:35+00:00,2026-01-04 18:15:06+00:00,4011,7
397,22 DMU NLX 2500 old,2026-01-04 16:58:30+00:00,2026-01-04 19:31:29+00:00,7362,12
723,24 DOOSAN PUMA 3100L,2026-01-04 17:02:34+00:00,2026-01-04 18:25:25+00:00,4263,4
520,23 DOOSAN PUMA 700,2026-01-04 17:22:51+00:00,2026-01-04 19:05:40+00:00,3824,20
209,104 DOOSAN DNM6700,2026-01-04 18:20:46+00:00,2026-01-04 20:06:05+00:00,4395,23
15,102 HAAS VF4,2026-01-04 18:22:04+00:00,2026-01-04 21:23:37+00:00,9921,3
842,41 DMU NLX2500,2026-01-04 18:30:43+00:00,2026-01-04 21:09:29+00:00,8009,13
724,24 DOOSAN PUMA 3100L,2026-01-04 18:37:00+00:00,2026-01-04 19:55:43+00:00,4264,4
997,65 DMU NLX 2500,2026-01-04 18:46:09+00:00,2026-01-04 18:52:34+00:00,385,1
521,23 DOOSAN PUMA 700,2026-01-04 19:20:31+00:00,2026-01-04 21:57:09+00:00,5191,30
1130,66 DMU NLX 2500,2026-01-04 19:42:49+00:00,2026-01-04 21:32:41+00:00,4370,18
998,65 DMU NLX 2500,2026-01-04 19:45:22+00:00,2026-01-04 20:41:51+00:00,1881,11
398,22 DMU NLX 2500 old,2026-01-04 19:47:19+00:00,2026-01-04 21:12:57+00:00,4394,6
725,24 DOOSAN PUMA 3100L,2026-01-04 20:11:02+00:00,2026-01-04 21:32:20+00:00,4263,4
210,104 DOOSAN DNM6700,2026-01-04 20:17:34+00:00,2026-01-04 21:36:01+00:00,4220,7
999,65 DMU NLX 2500,2026-01-04 20:52:42+00:00,2026-01-04 21:32:09+00:00,1134,6
16,102 HAAS VF4,2026-01-04 21:37:21+00:00,2026-01-04 22:32:22+00:00,3301,2
399,22 DMU NLX 2500 old,2026-01-04 21:41:19+00:00,2026-01-04 23:43:23+00:00,6118,12
843,41 DMU NLX2500,2026-01-04 21:43:27+00:00,2026-01-04 23:43:42+00:00,6010,11
726,24 DOOSAN PUMA 3100L,2026-01-04 21:45:52+00:00,2026-01-04 23:08:52+00:00,4265,7
211,104 DOOSAN DNM6700,2026-01-04 21:50:19+00:00,2026-01-04 23:12:05+00:00,4215,8
1131,66 DMU NLX 2500,2026-01-04 21:53:23+00:00,2026-01-04 22:53:07+00:00,1984,9
1000,65 DMU NLX 2500,2026-01-04 21:53:32+00:00,2026-01-05 01:12:25+00:00,6063,31
17,102 HAAS VF4,2026-01-04 22:45:07+00:00,2026-01-04 23:40:02+00:00,3295,2
1132,66 DMU NLX 2500,2026-01-04 23:04:36+00:00,2026-01-05 00:40:24+00:00,2761,16
212,104 DOOSAN DNM6700,2026-01-04 23:30:25+00:00,2026-01-05 00:49:13+00:00,4230,8
18,102 HAAS VF4,2026-01-04 23:57:32+00:00,2026-01-05 00:52:51+00:00,3319,1
400,22 DMU NLX 2500 old,2026-01-04 23:57:56+00:00,2026-01-05 02:00:36+00:00,6117,10
844,41 DMU NLX2500,2026-01-04 23:58:43+00:00,2026-01-05 01:45:34+00:00,5097,8
1133,66 DMU NLX 2500,2026-01-05 00:52:21+00:00,2026-01-05 01:32:30+00:00,1321,8
213,104 DOOSAN DNM6700,2026-01-05 01:01:57+00:00,2026-01-05 01:34:08+00:00,1815,4
401,22 DMU NLX 2500 old,2026-01-05 05:08:05+00:00,2026-01-05 06:17:11+00:00,3061,5
19,102 HAAS VF4,2026-01-05 05:13:51+00:00,2026-01-05 06:18:01+00:00,3332,4
845,41 DMU NLX2500,2026-01-05 05:13:53+00:00,2026-01-05 06:04:17+00:00,2258,4
300,21 DOOSAN PUMA700,2026-01-05 05:49:34+00:00,2026-01-05 07:06:47+00:00,3139,10
522,23 DOOSAN PUMA 700,2026-01-05 05:50:05+00:00,2026-01-05 06:21:01+00:00,1368,7
1136,66 DMU NLX 2500,2026-01-05 05:55:11+00:00,2026-01-05 06:06:35+00:00,484,7
846,41 DMU NLX2500,2026-01-05 06:16:14+00:00,2026-01-05 06:46:27+00:00,1758,2
20,102 HAAS VF4,2026-01-05 06:29:35+00:00,2026-01-05 09:29:42+00:00,9620,4
523,23 DOOSAN PUMA 700,2026-01-05 06:31:52+00:00,2026-01-05 08:11:20+00:00,3820,22
138,103 HAAS VF4,2026-01-05 06:35:52+00:00,2026-01-05 07:53:10+00:00,2901,42
402,22 DMU NLX 2500 old,2026-01-05 06:38:07+00:00,2026-01-05 06:46:21+00:00,484,2
847,41 DMU NLX2500,2026-01-05 06:59:10+00:00,2026-01-05 09:54:32+00:00,8022,12
1139,66 DMU NLX 2500,2026-01-05 07:01:20+00:00,2026-01-05 08:12:07+00:00,1936,8
403,22 DMU NLX 2500 old,2026-01-05 07:01:43+00:00,2026-01-05 07:54:39+00:00,2575,3
1001,65 DMU NLX 2500,2026-01-05 07:19:16+00:00,2026-01-05 09:36:16+00:00,4613,25
727,24 DOOSAN PUMA 3100L,2026-01-05 07:58:56+00:00,2026-01-05 09:31:10+00:00,4267,4
404,22 DMU NLX 2500 old,2026-01-05 08:20:56+00:00,2026-01-05 09:20:53+00:00,3061,5
524,23 DOOSAN PUMA 700,2026-01-05 08:24:21+00:00,2026-01-05 09:42:42+00:00,3032,17
1140,66 DMU NLX 2500,2026-01-05 08:32:25+00:00,2026-01-05 09:26:19+00:00,1451,6
301,21 DOOSAN PUMA700,2026-01-05 09:24:03+00:00,2026-01-05 11:49:58+00:00,7424,13
405,22 DMU NLX 2500 old,2026-01-05 09:34:25+00:00,2026-01-05 10:45:09+00:00,3061,5
21,102 HAAS VF4,2026-01-05 09:41:04+00:00,2026-01-05 10:36:18+00:00,3314,1
525,23 DOOSAN PUMA 700,2026-01-05 10:33:19+00:00,2026-01-05 11:22:54+00:00,1895,11
1143,66 DMU NLX 2500,2026-01-05 10:33:47+00:00,2026-01-05 11:22:30+00:00,1507,6
1003,65 DMU NLX 2500,2026-01-05 10:33:54+00:00,2026-01-05 11:25:03+00:00,1943,10
848,41 DMU NLX2500,2026-01-05 10:34:45+00:00,2026-01-05 13:14:24+00:00,7348,11
406,22 DMU NLX 2500 old,2026-01-05 10:58:48+00:00,2026-01-05 14:21:38+00:00,9187,16
22,102 HAAS VF4,2026-01-05 11:00:02+00:00,2026-01-05 11:54:56+00:00,3294,1
728,24 DOOSAN PUMA 3100L,2026-01-05 11:00:55+00:00,2026-01-05 11:08:51+00:00,476,1
142,103 HAAS VF4,2026-01-05 11:15:28+00:00,2026-01-05 12:38:40+00:00,2205,87
729,24 DOOSAN PUMA 3100L,2026-01-05 11:19:11+00:00,2026-01-05 12:30:30+00:00,3786,3
1144,66 DMU NLX 2500,2026-01-05 11:36:59+00:00,2026-01-05 11:56:54+00:00,595,4
1004,65 DMU NLX 2500,2026-01-05 11:44:48+00:00,2026-01-05 13:38:16+00:00,3396,18
302,21 DOOSAN PUMA700,2026-01-05 12:05:25+00:00,2026-01-05 13:08:50+00:00,3324,7
23,102 HAAS VF4,2026-01-05 12:06:49+00:00,2026-01-05 14:04:04+00:00,6611,2
1145,66 DMU NLX 2500,2026-01-05 12:07:01+00:00,2026-01-05 13:20:27+00:00,1999,9
144,103 HAAS VF4,2026-01-05 13:05:07+00:00,2026-01-05 15:26:31+00:00,5078,89
730,24 DOOSAN PUMA 3100L,2026-01-05 13:14:33+00:00,2026-01-05 14:40:37+00:00,4264,4
528,23 DOOSAN PUMA 700,2026-01-05 13:16:08+00:00,2026-01-05 13:23:53+00:00,369,4
849,41 DMU NLX2500,2026-01-05 13:25:11+00:00,2026-01-05 13:55:38+00:00,1759,2
1146,66 DMU NLX 2500,2026-01-05 13:30:50+00:00,2026-01-05 13:42:01+00:00,502,2
529,23 DOOSAN PUMA 700,2026-01-05 13:37:51+00:00,2026-01-05 18:42:14+00:00,11112,65
1147,66 DMU NLX 2500,2026-01-05 13:55:26+00:00,2026-01-05 14:17:21+00:00,676,4
850,41 DMU NLX2500,2026-01-05 14:20:29+00:00,2026-01-05 17:19:41+00:00,9115,14
214,104 DOOSAN DNM6700,2026-01-05 14:22:52+00:00,2026-01-05 15:54:35+00:00,4249,10
1005,65 DMU NLX 2500,2026-01-05 14:23:46+00:00,2026-01-05 15:14:59+00:00,1569,9
1148,66 DMU NLX 2500,2026-01-05 14:28:51+00:00,2026-01-05 16:58:39+00:00,3251,32
24,102 HAAS VF4,2026-01-05 14:36:52+00:00,2026-01-05 15:31:47+00:00,3295,1
407,22 DMU NLX 2500 old,2026-01-05 14:37:09+00:00,2026-01-05 15:12:36+00:00,1732,4
731,24 DOOSAN PUMA 3100L,2026-01-05 14:56:43+00:00,2026-01-05 16:17:43+00:00,4262,4
408,22 DMU NLX 2500 old,2026-01-05 15:22:38+00:00,2026-01-05 15:44:52+00:00,1334,1
1006,65 DMU NLX 2500,2026-01-05 15:26:19+00:00,2026-01-05 16:37:00+00:00,2960,15
215,104 DOOSAN DNM6700,2026-01-05 16:06:27+00:00,2026-01-05 16:38:34+00:00,1817,4
409,22 DMU NLX 2500 old,2026-01-05 16:07:09+00:00,2026-01-05 17:15:22+00:00,3061,5
25,102 HAAS VF4,2026-01-05 16:08:41+00:00,2026-01-05 17:03:58+00:00,3317,1
732,24 DOOSAN PUMA 3100L,2026-01-05 16:32:44+00:00,2026-01-05 17:50:59+00:00,4263,4
216,104 DOOSAN DNM6700,2026-01-05 16:50:41+00:00,2026-01-05 17:35:58+00:00,2392,3
1149,66 DMU NLX 2500,2026-01-05 17:18:43+00:00,2026-01-05 18:56:14+00:00,3667,16
1008,65 DMU NLX 2500,2026-01-05 17:19:31+00:00,2026-01-05 18:55:59+00:00,2924,16
410,22 DMU NLX 2500 old,2026-01-05 17:29:53+00:00,2026-01-05 20:51:29+00:00,9177,15
26,102 HAAS VF4,2026-01-05 17:30:05+00:00,2026-01-05 18:25:06+00:00,3301,1
851,41 DMU NLX2500,2026-01-05 17:32:03+00:00,2026-01-05 21:06:02+00:00,10034,19
217,104 DOOSAN DNM6700,2026-01-05 17:46:41+00:00,2026-01-05 19:10:46+00:00,4219,11
733,24 DOOSAN PUMA 3100L,2026-01-05 18:08:55+00:00,2026-01-05 19:28:41+00:00,4263,4
530,23 DOOSAN PUMA 700,2026-01-05 18:56:14+00:00,2026-01-05 19:22:30+00:00,1082,6
27,102 HAAS VF4,2026-01-05 19:07:28+00:00,2026-01-05 20:02:32+00:00,3304,1
531,23 DOOSAN PUMA 700,2026-01-05 19:35:50+00:00,2026-01-05 23:38:10+00:00,8045,50
218,104 DOOSAN DNM6700,2026-01-05 19:36:22+00:00,2026-01-05 20:55:34+00:00,4215,9
734,24 DOOSAN PUMA 3100L,2026-01-05 19:42:26+00:00,2026-01-05 21:06:55+00:00,4261,6
1150,66 DMU NLX 2500,2026-01-05 19:47:58+00:00,2026-01-05 22:38:09+00:00,5407,26
1009,65 DMU NLX 2500,2026-01-05 19:48:12+00:00,2026-01-05 22:08:09+00:00,4528,25
28,102 HAAS VF4,2026-01-05 20:13:03+00:00,2026-01-05 21:08:16+00:00,3313,1
219,104 DOOSAN DNM6700,2026-01-05 21:10:40+00:00,2026-01-05 22:36:46+00:00,4233,8
29,102 HAAS VF4,2026-01-05 21:21:10+00:00,2026-01-05 22:16:27+00:00,3317,2
735,24 DOOSAN PUMA 3100L,2026-01-05 21:22:47+00:00,2026-01-05 21:41:37+00:00,644,2
852,41 DMU NLX2500,2026-01-05 21:38:56+00:00,2026-01-06 02:04:20+00:00,13111,20
411,22 DMU NLX 2500 old,2026-01-05 21:40:27+00:00,2026-01-06 01:53:57+00:00,12730,23
736,24 DOOSAN PUMA 3100L,2026-01-05 21:51:58+00:00,2026-01-05 22:56:42+00:00,3621,3
1010,65 DMU NLX 2500,2026-01-05 22:23:21+00:00,2026-01-05 22:37:26+00:00,703,3
30,102 HAAS VF4,2026-01-05 22:27:59+00:00,2026-01-05 23:23:21+00:00,3322,1
220,104 DOOSAN DNM6700,2026-01-05 22:48:52+00:00,2026-01-05 23:28:18+00:00,2189,5
1151,66 DMU NLX 2500,2026-01-05 22:50:16+00:00,2026-01-05 23:36:56+00:00,1839,7
1011,65 DMU NLX 2500,2026-01-05 22:50:33+00:00,2026-01-05 23:34:01+00:00,1252,7
737,24 DOOSAN PUMA 3100L,2026-01-05 23:08:08+00:00,2026-01-06 00:25:48+00:00,4263,4
221,104 DOOSAN DNM6700,2026-01-05 23:41:47+00:00,2026-01-06 00:15:38+00:00,2031,1
1152,66 DMU NLX 2500,2026-01-05 23:48:19+00:00,2026-01-06 01:33:42+00:00,3847,15
1012,65 DMU NLX 2500,2026-01-05 23:48:29+00:00,2026-01-06 01:36:51+00:00,2965,15
31,102 HAAS VF4,2026-01-06 00:03:23+00:00,2026-01-06 02:19:15+00:00,7046,6
222,104 DOOSAN DNM6700,2026-01-06 00:39:46+00:00,2026-01-06 01:58:10+00:00,4212,10
412,22 DMU NLX 2500 old,2026-01-06 05:00:51+00:00,2026-01-06 05:53:24+00:00,2576,3
1153,66 DMU NLX 2500,2026-01-06 05:03:51+00:00,2026-01-06 05:54:01+00:00,1490,7
853,41 DMU NLX2500,2026-01-06 05:17:37+00:00,2026-01-06 05:44:58+00:00,939,4
532,23 DOOSAN PUMA 700,2026-01-06 05:21:50+00:00,2026-01-06 07:26:52+00:00,4718,26
33,102 HAAS VF4,2026-01-06 05:33:38+00:00,2026-01-06 05:43:32+00:00,373,3
738,24 DOOSAN PUMA 3100L,2026-01-06 05:47:42+00:00,2026-01-06 07:06:45+00:00,4264,4
854,41 DMU NLX2500,2026-01-06 06:00:05+00:00,2026-01-06 06:18:12+00:00,1087,1
147,103 HAAS VF4,2026-01-06 06:09:13+00:00,2026-01-06 07:28:33+00:00,1799,60
413,22 DMU NLX 2500 old,2026-01-06 06:14:22+00:00,2026-01-06 06:25:51+00:00,634,3
304,21 DOOSAN PUMA700,2026-01-06 06:19:32+00:00,2026-01-06 07:17:06+00:00,1673,26
855,41 DMU NLX2500,2026-01-06 06:31:11+00:00,2026-01-06 08:19:15+00:00,4934,8
414,22 DMU NLX 2500 old,2026-01-06 06:42:13+00:00,2026-01-06 07:25:55+00:00,2425,2
36,102 HAAS VF4,2026-01-06 06:47:51+00:00,2026-01-06 07:08:54+00:00,546,3
1157,66 DMU NLX 2500,2026-01-06 06:54:35+00:00,2026-01-06 07:28:07+00:00,1091,5
739,24 DOOSAN PUMA 3100L,2026-01-06 07:28:34+00:00,2026-01-06 07:36:32+00:00,478,1
37,102 HAAS VF4,2026-01-06 07:28:42+00:00,2026-01-06 09:00:58+00:00,1913,13
533,23 DOOSAN PUMA 700,2026-01-06 07:41:25+00:00,2026-01-06 08:02:31+00:00,1080,6
740,24 DOOSAN PUMA 3100L,2026-01-06 07:51:34+00:00,2026-01-06 08:56:24+00:00,3786,3
415,22 DMU NLX 2500 old,2026-01-06 07:56:53+00:00,2026-01-06 08:58:18+00:00,3059,5
1159,66 DMU NLX 2500,2026-01-06 08:02:54+00:00,2026-01-06 09:19:51+00:00,2307,9
305,21 DOOSAN PUMA700,2026-01-06 08:09:53+00:00,2026-01-06 10:01:12+00:00,4467,28
534,23 DOOSAN PUMA 700,2026-01-06 08:13:24+00:00,2026-01-06 09:12:06+00:00,2448,14
856,41 DMU NLX2500,2026-01-06 08:43:46+00:00,2026-01-06 09:49:05+00:00,3095,4
149,103 HAAS VF4,2026-01-06 08:54:39+00:00,2026-01-06 09:45:13+00:00,1607,29
416,22 DMU NLX 2500 old,2026-01-06 09:12:36+00:00,2026-01-06 09:54:32+00:00,1728,4
535,23 DOOSAN PUMA 700,2026-01-06 09:26:34+00:00,2026-01-06 09:47:48+00:00,1080,7
1160,66 DMU NLX 2500,2026-01-06 09:30:16+00:00,2026-01-06 09:45:49+00:00,600,3
741,24 DOOSAN PUMA 3100L,2026-01-06 09:31:22+00:00,2026-01-06 09:39:19+00:00,477,1
39,102 HAAS VF4,2026-01-06 09:35:46+00:00,2026-01-06 12:34:24+00:00,9935,3
417,22 DMU NLX 2500 old,2026-01-06 10:31:39+00:00,2026-01-06 11:09:46+00:00,1816,3
150,103 HAAS VF4,2026-01-06 10:32:16+00:00,2026-01-06 11:26:51+00:00,1927,45
743,24 DOOSAN PUMA 3100L,2026-01-06 10:32:41+00:00,2026-01-06 11:33:58+00:00,3619,2
536,23 DOOSAN PUMA 700,2026-01-06 10:33:38+00:00,2026-01-06 11:01:28+00:00,1082,6
1161,66 DMU NLX 2500,2026-01-06 10:33:52+00:00,2026-01-06 11:07:52+00:00,1036,5
306,21 DOOSAN PUMA700,2026-01-06 10:38:54+00:00,2026-01-06 13:22:44+00:00,7862,10
857,41 DMU NLX2500,2026-01-06 10:40:03+00:00,2026-01-06 11:19:34+00:00,2006,4
1013,65 DMU NLX 2500,2026-01-06 11:14:03+00:00,2026-01-06 12:54:28+00:00,3482,21
537,23 DOOSAN PUMA 700,2026-01-06 11:17:05+00:00,2026-01-06 11:33:31+00:00,753,4
1162,66 DMU NLX 2500,2026-01-06 11:22:10+00:00,2026-01-06 11:33:18+00:00,517,2
418,22 DMU NLX 2500 old,2026-01-06 11:22:59+00:00,2026-01-06 14:23:12+00:00,8699,13
858,41 DMU NLX2500,2026-01-06 11:37:46+00:00,2026-01-06 11:55:28+00:00,911,2
1163,66 DMU NLX 2500,2026-01-06 11:45:51+00:00,2026-01-06 11:56:36+00:00,510,2
538,23 DOOSAN PUMA 700,2026-01-06 11:50:19+00:00,2026-01-06 13:19:34+00:00,3085,17
1164,66 DMU NLX 2500,2026-01-06 12:11:22+00:00,2026-01-06 14:26:58+00:00,3909,34
744,24 DOOSAN PUMA 3100L,2026-01-06 12:14:45+00:00,2026-01-06 12:22:43+00:00,478,1
859,41 DMU NLX2500,2026-01-06 12:19:51+00:00,2026-01-06 13:51:43+00:00,4007,6
745,24 DOOSAN PUMA 3100L,2026-01-06 12:44:11+00:00,2026-01-06 13:55:21+00:00,3788,3
1014,65 DMU NLX 2500,2026-01-06 13:08:57+00:00,2026-01-06 13:42:31+00:00,1128,6
40,102 HAAS VF4,2026-01-06 13:10:02+00:00,2026-01-06 14:02:24+00:00,3142,1
152,103 HAAS VF4,2026-01-06 13:17:09+00:00,2026-01-06 13:45:27+00:00,1249,8
539,23 DOOSAN PUMA 700,2026-01-06 13:31:02+00:00,2026-01-06 15:40:08+00:00,4829,29
860,41 DMU NLX2500,2026-01-06 14:12:42+00:00,2026-01-06 17:00:21+00:00,8188,12
41,102 HAAS VF4,2026-01-06 14:13:05+00:00,2026-01-06 17:13:57+00:00,10003,5
223,104 DOOSAN DNM6700,2026-01-06 14:19:53+00:00,2026-01-06 14:55:31+00:00,1850,5
746,24 DOOSAN PUMA 3100L,2026-01-06 14:30:50+00:00,2026-01-06 15:47:59+00:00,4263,4
1015,65 DMU NLX 2500,2026-01-06 14:30:52+00:00,2026-01-06 14:42:59+00:00,353,2
1165,66 DMU NLX 2500,2026-01-06 14:39:26+00:00,2026-01-06 16:21:12+00:00,2988,15
419,22 DMU NLX 2500 old,2026-01-06 14:44:59+00:00,2026-01-06 16:55:52+00:00,6117,10
1016,65 DMU NLX 2500,2026-01-06 14:55:28+00:00,2026-01-06 17:43:23+00:00,5553,30
540,23 DOOSAN PUMA 700,2026-01-06 15:50:37+00:00,2026-01-06 16:59:56+00:00,2487,14
224,104 DOOSAN DNM6700,2026-01-06 16:00:04+00:00,2026-01-06 16:30:34+00:00,1830,1
747,24 DOOSAN PUMA 3100L,2026-01-06 16:00:26+00:00,2026-01-06 16:16:34+00:00,643,2
748,24 DOOSAN PUMA 3100L,2026-01-06 16:26:43+00:00,2026-01-06 17:27:53+00:00,3620,2
420,22 DMU NLX 2500 old,2026-01-06 17:08:42+00:00,2026-01-06 17:43:17+00:00,1726,4
541,23 DOOSAN PUMA 700,2026-01-06 17:10:44+00:00,2026-01-06 18:07:46+00:00,2163,13
861,41 DMU NLX2500,2026-01-06 17:11:20+00:00,2026-01-06 17:46:53+00:00,2002,3
225,104 DOOSAN DNM6700,2026-01-06 17:16:51+00:00,2026-01-06 17:47:30+00:00,1834,3
1166,66 DMU NLX 2500,2026-01-06 17:20:01+00:00,2026-01-06 18:54:57+00:00,2204,29
42,102 HAAS VF4,2026-01-06 17:27:30+00:00,2026-01-06 18:22:55+00:00,3325,1
749,24 DOOSAN PUMA 3100L,2026-01-06 17:39:39+00:00,2026-01-06 18:58:46+00:00,4263,4
1017,65 DMU NLX 2500,2026-01-06 17:53:36+00:00,2026-01-06 18:53:28+00:00,1950,10
421,22 DMU NLX 2500 old,2026-01-06 17:57:05+00:00,2026-01-06 21:06:07+00:00,9181,15
862,41 DMU NLX2500,2026-01-06 17:59:12+00:00,2026-01-06 20:58:54+00:00,8937,16
226,104 DOOSAN DNM6700,2026-01-06 18:15:25+00:00,2026-01-06 18:46:22+00:00,1833,4
542,23 DOOSAN PUMA 700,2026-01-06 18:23:57+00:00,2026-01-06 20:07:56+00:00,3893,22
43,102 HAAS VF4,2026-01-06 18:45:05+00:00,2026-01-06 19:40:08+00:00,3303,1
750,24 DOOSAN PUMA 3100L,2026-01-06 19:15:42+00:00,2026-01-06 20:35:34+00:00,4268,6
1167,66 DMU NLX 2500,2026-01-06 19:31:01+00:00,2026-01-06 22:03:37+00:00,6302,28
1018,65 DMU NLX 2500,2026-01-06 19:37:22+00:00,2026-01-06 21:17:22+00:00,3401,18
228,104 DOOSAN DNM6700,2026-01-06 19:45:02+00:00,2026-01-06 21:13:30+00:00,4184,32
44,102 HAAS VF4,2026-01-06 19:50:43+00:00,2026-01-06 20:46:01+00:00,3318,1
543,23 DOOSAN PUMA 700,2026-01-06 20:18:27+00:00,2026-01-06 21:54:47+00:00,3569,20
751,24 DOOSAN PUMA 3100L,2026-01-06 20:52:29+00:00,2026-01-06 22:13:35+00:00,4263,5
45,102 HAAS VF4,2026-01-06 21:03:43+00:00,2026-01-06 22:05:35+00:00,3654,4
229,104 DOOSAN DNM6700,2026-01-06 21:24:48+00:00,2026-01-06 22:42:00+00:00,4214,9
1019,65 DMU NLX 2500,2026-01-06 21:29:12+00:00,2026-01-06 21:49:17+00:00,749,5
422,22 DMU NLX 2500 old,2026-01-06 21:37:17+00:00,2026-01-07 00:47:32+00:00,9183,15
863,41 DMU NLX2500,2026-01-06 21:38:20+00:00,2026-01-06 23:19:26+00:00,5094,8
1020,65 DMU NLX 2500,2026-01-06 22:13:42+00:00,2026-01-06 22:20:07+00:00,385,1
1021,65 DMU NLX 2500,2026-01-06 22:30:27+00:00,2026-01-07 00:13:36+00:00,2264,12
752,24 DOOSAN PUMA 3100L,2026-01-06 22:30:59+00:00,2026-01-06 23:46:14+00:00,4262,4
46,102 HAAS VF4,2026-01-06 22:40:18+00:00,2026-01-07 00:40:31+00:00,6627,2
230,104 DOOSAN DNM6700,2026-01-06 22:53:09+00:00,2026-01-07 00:16:18+00:00,4227,8
864,41 DMU NLX2500,2026-01-06 23:30:04+00:00,2026-01-07 00:47:55+00:00,4004,6
1022,65 DMU NLX 2500,2026-01-07 00:37:21+00:00,2026-01-07 00:55:44+00:00,520,4
47,102 HAAS VF4,2026-01-07 00:50:50+00:00,2026-01-07 01:46:43+00:00,3353,1
865,41 DMU NLX2500,2026-01-07 01:05:03+00:00,2026-01-07 01:40:21+00:00,2002,4
423,22 DMU NLX 2500 old,2026-01-07 01:05:13+00:00,2026-01-07 01:39:30+00:00,1818,3
1023,65 DMU NLX 2500,2026-01-07 01:06:31+00:00,2026-01-07 01:23:26+00:00,620,2
425,22 DMU NLX 2500 old,2026-01-07 05:16:29+00:00,2026-01-07 06:02:16+00:00,2428,2
1024,65 DMU NLX 2500,2026-01-07 05:21:59+00:00,2026-01-07 07:46:46+00:00,5298,30
544,23 DOOSAN PUMA 700,2026-01-07 05:22:57+00:00,2026-01-07 06:51:41+00:00,3532,21
866,41 DMU NLX2500,2026-01-07 05:24:47+00:00,2026-01-07 06:47:11+00:00,4011,6
49,102 HAAS VF4,2026-01-07 05:31:17+00:00,2026-01-07 06:31:28+00:00,1323,8
753,24 DOOSAN PUMA 3100L,2026-01-07 05:31:45+00:00,2026-01-07 06:52:09+00:00,4264,4
155,103 HAAS VF4,2026-01-07 05:43:32+00:00,2026-01-07 06:06:05+00:00,1207,5
307,21 DOOSAN PUMA700,2026-01-07 06:03:29+00:00,2026-01-07 06:49:04+00:00,1742,20
426,22 DMU NLX 2500 old,2026-01-07 06:12:28+00:00,2026-01-07 06:20:44+00:00,485,2
1169,66 DMU NLX 2500,2026-01-07 06:17:38+00:00,2026-01-07 06:56:52+00:00,853,24
427,22 DMU NLX 2500 old,2026-01-07 06:33:48+00:00,2026-01-07 07:23:12+00:00,2577,3
156,103 HAAS VF4,2026-01-07 06:36:50+00:00,2026-01-07 07:23:04+00:00,2390,2
867,41 DMU NLX2500,2026-01-07 07:01:25+00:00,2026-01-07 07:43:25+00:00,2005,3
545,23 DOOSAN PUMA 700,2026-01-07 07:02:07+00:00,2026-01-07 07:27:15+00:00,1080,6
308,21 DOOSAN PUMA700,2026-01-07 07:27:24+00:00,2026-01-07 09:22:14+00:00,5362,15
428,22 DMU NLX 2500 old,2026-01-07 07:36:11+00:00,2026-01-07 07:44:40+00:00,486,2
52,102 HAAS VF4,2026-01-07 07:39:01+00:00,2026-01-07 08:19:38+00:00,1510,21
546,23 DOOSAN PUMA 700,2026-01-07 07:49:40+00:00,2026-01-07 09:44:49+00:00,4325,27
429,22 DMU NLX 2500 old,2026-01-07 07:57:05+00:00,2026-01-07 08:43:39+00:00,2576,3
868,41 DMU NLX2500,2026-01-07 07:57:13+00:00,2026-01-07 09:25:01+00:00,4021,6
1025,65 DMU NLX 2500,2026-01-07 07:57:34+00:00,2026-01-07 09:50:05+00:00,4225,22
157,103 HAAS VF4,2026-01-07 07:59:07+00:00,2026-01-07 08:17:47+00:00,1120,1
53,102 HAAS VF4,2026-01-07 08:34:49+00:00,2026-01-07 09:58:14+00:00,3484,22
756,24 DOOSAN PUMA 3100L,2026-01-07 08:34:53+00:00,2026-01-07 08:45:39+00:00,478,2
158,103 HAAS VF4,2026-01-07 08:38:24+00:00,2026-01-07 10:13:15+00:00,4495,4
757,24 DOOSAN PUMA 3100L,2026-01-07 09:03:29+00:00,2026-01-07 10:12:00+00:00,3787,3
869,41 DMU NLX2500,2026-01-07 09:35:02+00:00,2026-01-07 09:54:35+00:00,915,2
547,23 DOOSAN PUMA 700,2026-01-07 10:30:03+00:00,2026-01-07 11:22:49+00:00,2164,12
1026,65 DMU NLX 2500,2026-01-07 10:31:44+00:00,2026-01-07 10:38:41+00:00,312,2
870,41 DMU NLX2500,2026-01-07 10:33:29+00:00,2026-01-07 12:07:05+00:00,4182,5
159,103 HAAS VF4,2026-01-07 10:36:17+00:00,2026-01-07 12:42:39+00:00,5712,16
54,102 HAAS VF4,2026-01-07 10:36:42+00:00,2026-01-07 12:26:58+00:00,6301,2
1170,66 DMU NLX 2500,2026-01-07 10:37:23+00:00,2026-01-07 10:54:07+00:00,504,7
309,21 DOOSAN PUMA700,2026-01-07 10:44:06+00:00,2026-01-07 11:27:44+00:00,2222,6
1027,65 DMU NLX 2500,2026-01-07 10:50:07+00:00,2026-01-07 10:56:30+00:00,383,1
1028,65 DMU NLX 2500,2026-01-07 11:13:37+00:00,2026-01-07 11:40:29+00:00,1137,7
548,23 DOOSAN PUMA 700,2026-01-07 11:32:54+00:00,2026-01-07 12:27:00+00:00,2162,12
310,21 DOOSAN PUMA700,2026-01-07 11:39:15+00:00,2026-01-07 12:01:50+00:00,1301,2
430,22 DMU NLX 2500 old,2026-01-07 11:43:09+00:00,2026-01-07 11:51:29+00:00,485,2
1172,66 DMU NLX 2500,2026-01-07 11:44:18+00:00,2026-01-07 13:03:13+00:00,1950,12
758,24 DOOSAN PUMA 3100L,2026-01-07 11:45:32+00:00,2026-01-07 13:15:44+00:00,4074,6
1029,65 DMU NLX 2500,2026-01-07 11:56:38+00:00,2026-01-07 12:06:17+00:00,321,4
431,22 DMU NLX 2500 old,2026-01-07 12:08:05+00:00,2026-01-07 12:54:13+00:00,2582,3
871,41 DMU NLX2500,2026-01-07 12:18:16+00:00,2026-01-07 14:00:50+00:00,4928,8
1030,65 DMU NLX 2500,2026-01-07 12:28:40+00:00,2026-01-07 13:50:25+00:00,3079,16
549,23 DOOSAN PUMA 700,2026-01-07 12:44:43+00:00,2026-01-07 12:58:29+00:00,712,3
55,102 HAAS VF4,2026-01-07 12:51:18+00:00,2026-01-07 13:43:50+00:00,3152,1
432,22 DMU NLX 2500 old,2026-01-07 13:05:20+00:00,2026-01-07 13:20:39+00:00,633,3
550,23 DOOSAN PUMA 700,2026-01-07 13:10:22+00:00,2026-01-07 19:48:23+00:00,14003,76
1173,66 DMU NLX 2500,2026-01-07 13:16:16+00:00,2026-01-07 13:23:27+00:00,431,1
160,103 HAAS VF4,2026-01-07 13:28:46+00:00,2026-01-07 15:06:06+00:00,3804,12
313,21 DOOSAN PUMA700,2026-01-07 13:41:22+00:00,2026-01-07 14:20:42+00:00,1235,18
1174,66 DMU NLX 2500,2026-01-07 13:42:54+00:00,2026-01-07 14:37:45+00:00,1739,10
433,22 DMU NLX 2500 old,2026-01-07 13:43:29+00:00,2026-01-07 14:24:57+00:00,2426,2
759,24 DOOSAN PUMA 3100L,2026-01-07 13:53:46+00:00,2026-01-07 14:05:38+00:00,393,5
232,104 DOOSAN DNM6700,2026-01-07 13:58:37+00:00,2026-01-07 14:29:14+00:00,1832,3
1031,65 DMU NLX 2500,2026-01-07 14:10:04+00:00,2026-01-07 14:31:22+00:00,744,5
872,41 DMU NLX2500,2026-01-07 14:12:55+00:00,2026-01-07 15:04:19+00:00,2425,4
56,102 HAAS VF4,2026-01-07 14:15:46+00:00,2026-01-07 15:10:47+00:00,3301,1
314,21 DOOSAN PUMA700,2026-01-07 14:36:32+00:00,2026-01-07 14:58:12+00:00,1131,4
434,22 DMU NLX 2500 old,2026-01-07 14:38:01+00:00,2026-01-07 14:46:56+00:00,485,2
1175,66 DMU NLX 2500,2026-01-07 14:50:11+00:00,2026-01-07 15:11:06+00:00,868,2
1032,65 DMU NLX 2500,2026-01-07 14:50:36+00:00,2026-01-07 15:59:59+00:00,2034,11
761,24 DOOSAN PUMA 3100L,2026-01-07 15:08:41+00:00,2026-01-07 16:30:15+00:00,4263,4
873,41 DMU NLX2500,2026-01-07 15:17:58+00:00,2026-01-07 16:28:55+00:00,3765,6
161,103 HAAS VF4,2026-01-07 15:19:39+00:00,2026-01-07 15:39:35+00:00,1196,1
1176,66 DMU NLX 2500,2026-01-07 15:22:59+00:00,2026-01-07 15:30:14+00:00,435,1
436,22 DMU NLX 2500 old,2026-01-07 15:25:58+00:00,2026-01-07 16:10:11+00:00,2428,2
233,104 DOOSAN DNM6700,2026-01-07 15:27:07+00:00,2026-01-07 15:57:38+00:00,1829,3
315,21 DOOSAN PUMA700,2026-01-07 15:31:15+00:00,2026-01-07 15:49:44+00:00,1063,2
57,102 HAAS VF4,2026-01-07 15:32:05+00:00,2026-01-07 16:27:23+00:00,3318,1
1177,66 DMU NLX 2500,2026-01-07 15:43:07+00:00,2026-01-07 16:20:37+00:00,1300,3
163,103 HAAS VF4,2026-01-07 16:06:24+00:00,2026-01-07 16:32:34+00:00,1295,4
1033,65 DMU NLX 2500,2026-01-07 16:14:57+00:00,2026-01-07 17:25:48+00:00,2186,11
316,21 DOOSAN PUMA700,2026-01-07 16:15:29+00:00,2026-01-07 16:44:20+00:00,1286,3
234,104 DOOSAN DNM6700,2026-01-07 16:17:28+00:00,2026-01-07 16:47:55+00:00,1827,1
437,22 DMU NLX 2500 old,2026-01-07 16:21:17+00:00,2026-01-07 18:30:13+00:00,6127,10
1178,66 DMU NLX 2500,2026-01-07 16:33:06+00:00,2026-01-07 18:19:48+00:00,3649,12
874,41 DMU NLX2500,2026-01-07 16:39:40+00:00,2026-01-07 20:02:14+00:00,10025,18
762,24 DOOSAN PUMA 3100L,2026-01-07 16:49:43+00:00,2026-01-07 18:12:12+00:00,4263,5
58,102 HAAS VF4,2026-01-07 16:57:25+00:00,2026-01-07 20:16:23+00:00,10205,7
235,104 DOOSAN DNM6700,2026-01-07 17:07:08+00:00,2026-01-07 17:43:19+00:00,1828,3
317,21 DOOSAN PUMA700,2026-01-07 17:16:29+00:00,2026-01-07 18:07:51+00:00,2482,3
1034,65 DMU NLX 2500,2026-01-07 17:41:35+00:00,2026-01-07 18:14:33+00:00,1139,6
236,104 DOOSAN DNM6700,2026-01-07 18:02:44+00:00,2026-01-07 18:33:43+00:00,1827,2
763,24 DOOSAN PUMA 3100L,2026-01-07 18:37:30+00:00,2026-01-07 19:56:14+00:00,4261,4
1035,65 DMU NLX 2500,2026-01-07 18:41:17+00:00,2026-01-07 18:56:05+00:00,694,3
1179,66 DMU NLX 2500,2026-01-07 18:43:45+00:00,2026-01-07 19:00:55+00:00,912,2
438,22 DMU NLX 2500 old,2026-01-07 18:45:22+00:00,2026-01-07 19:48:47+00:00,3069,5
318,21 DOOSAN PUMA700,2026-01-07 19:13:23+00:00,2026-01-07 19:34:50+00:00,1148,15
237,104 DOOSAN DNM6700,2026-01-07 19:15:08+00:00,2026-01-07 19:45:44+00:00,1836,1
1036,65 DMU NLX 2500,2026-01-07 19:31:14+00:00,2026-01-07 21:38:03+00:00,4617,25
1180,66 DMU NLX 2500,2026-01-07 19:32:34+00:00,2026-01-07 21:30:10+00:00,5015,11
551,23 DOOSAN PUMA 700,2026-01-07 19:59:23+00:00,2026-01-07 20:28:36+00:00,1372,7
764,24 DOOSAN PUMA 3100L,2026-01-07 20:10:04+00:00,2026-01-07 21:26:20+00:00,4263,4
319,21 DOOSAN PUMA700,2026-01-07 20:15:13+00:00,2026-01-07 20:44:24+00:00,1728,2
238,104 DOOSAN DNM6700,2026-01-07 20:17:16+00:00,2026-01-07 21:03:01+00:00,2230,5
439,22 DMU NLX 2500 old,2026-01-07 20:19:07+00:00,2026-01-07 20:56:44+00:00,1726,4
875,41 DMU NLX2500,2026-01-07 20:21:46+00:00,2026-01-07 21:03:05+00:00,2002,3
552,23 DOOSAN PUMA 700,2026-01-07 20:40:56+00:00,2026-01-07 21:33:27+00:00,2076,12
239,104 DOOSAN DNM6700,2026-01-07 21:14:39+00:00,2026-01-07 21:55:33+00:00,2226,2
59,102 HAAS VF4,2026-01-07 21:34:32+00:00,2026-01-07 22:29:54+00:00,3322,2
320,21 DOOSAN PUMA700,2026-01-07 21:51:33+00:00,2026-01-07 22:10:11+00:00,1088,3
440,22 DMU NLX 2500 old,2026-01-07 21:54:31+00:00,2026-01-08 01:12:25+00:00,9186,16
1037,65 DMU NLX 2500,2026-01-07 21:55:14+00:00,2026-01-08 01:36:45+00:00,5194,29
876,41 DMU NLX2500,2026-01-07 21:56:22+00:00,2026-01-08 01:13:29+00:00,10202,17
554,23 DOOSAN PUMA 700,2026-01-07 22:00:22+00:00,2026-01-07 22:58:36+00:00,2453,13
240,104 DOOSAN DNM6700,2026-01-07 22:06:54+00:00,2026-01-07 23:24:13+00:00,4185,7
765,24 DOOSAN PUMA 3100L,2026-01-07 22:08:47+00:00,2026-01-07 23:32:51+00:00,4359,5
60,102 HAAS VF4,2026-01-07 23:17:11+00:00,2026-01-08 00:12:31+00:00,3320,1
766,24 DOOSAN PUMA 3100L,2026-01-07 23:43:24+00:00,2026-01-08 00:11:32+00:00,1448,3
241,104 DOOSAN DNM6700,2026-01-07 23:46:18+00:00,2026-01-08 00:18:23+00:00,1824,4
242,104 DOOSAN DNM6700,2026-01-08 00:29:59+00:00,2026-01-08 01:23:14+00:00,2444,5
441,22 DMU NLX 2500 old,2026-01-08 01:22:45+00:00,2026-01-08 01:44:58+00:00,1333,1
877,41 DMU NLX2500,2026-01-08 01:24:41+00:00,2026-01-08 01:45:32+00:00,918,2
442,22 DMU NLX 2500 old,2026-01-08 05:05:03+00:00,2026-01-08 06:06:12+00:00,3060,5
1181,66 DMU NLX 2500,2026-01-08 05:07:42+00:00,2026-01-08 05:46:40+00:00,957,13
767,24 DOOSAN PUMA 3100L,2026-01-08 05:11:47+00:00,2026-01-08 05:58:43+00:00,2816,1
878,41 DMU NLX2500,2026-01-08 05:14:08+00:00,2026-01-08 07:01:24+00:00,5093,7
321,21 DOOSAN PUMA700,2026-01-08 05:24:08+00:00,2026-01-08 05:42:11+00:00,1065,2
555,23 DOOSAN PUMA 700,2026-01-08 05:27:16+00:00,2026-01-08 05:50:18+00:00,1083,6
1038,65 DMU NLX 2500,2026-01-08 05:29:21+00:00,2026-01-08 09:32:19+00:00,8333,47
61,102 HAAS VF4,2026-01-08 05:32:15+00:00,2026-01-08 06:31:26+00:00,3340,2
165,103 HAAS VF4,2026-01-08 05:43:20+00:00,2026-01-08 10:06:40+00:00,12455,11
322,21 DOOSAN PUMA700,2026-01-08 05:53:53+00:00,2026-01-08 07:21:28+00:00,4169,5
1182,66 DMU NLX 2500,2026-01-08 05:57:48+00:00,2026-01-08 06:07:08+00:00,474,2
1183,66 DMU NLX 2500,2026-01-08 06:19:05+00:00,2026-01-08 06:30:18+00:00,474,2
768,24 DOOSAN PUMA 3100L,2026-01-08 06:26:51+00:00,2026-01-08 07:46:09+00:00,4264,4
444,22 DMU NLX 2500 old,2026-01-08 06:38:54+00:00,2026-01-08 08:49:47+00:00,6107,9
556,23 DOOSAN PUMA 700,2026-01-08 06:50:50+00:00,2026-01-08 07:46:38+00:00,1660,8
62,102 HAAS VF4,2026-01-08 06:51:17+00:00,2026-01-08 10:09:51+00:00,10205,7
1185,66 DMU NLX 2500,2026-01-08 06:53:36+00:00,2026-01-08 07:30:03+00:00,1075,11
879,41 DMU NLX2500,2026-01-08 07:15:41+00:00,2026-01-08 07:51:40+00:00,2002,3
323,21 DOOSAN PUMA700,2026-01-08 07:32:05+00:00,2026-01-08 08:15:49+00:00,2042,3
1186,66 DMU NLX 2500,2026-01-08 07:41:54+00:00,2026-01-08 07:53:00+00:00,477,2
557,23 DOOSAN PUMA 700,2026-01-08 08:00:53+00:00,2026-01-08 08:56:24+00:00,1588,10
1187,66 DMU NLX 2500,2026-01-08 08:03:07+00:00,2026-01-08 08:46:59+00:00,1422,6
324,21 DOOSAN PUMA700,2026-01-08 08:26:18+00:00,2026-01-08 09:54:09+00:00,4072,4
881,41 DMU NLX2500,2026-01-08 08:36:16+00:00,2026-01-08 08:47:25+00:00,669,1
1188,66 DMU NLX 2500,2026-01-08 08:57:30+00:00,2026-01-08 09:14:46+00:00,473,2
445,22 DMU NLX 2500 old,2026-01-08 09:02:01+00:00,2026-01-08 09:15:05+00:00,485,2
882,41 DMU NLX2500,2026-01-08 09:15:57+00:00,2026-01-08 09:54:26+00:00,2010,3
558,23 DOOSAN PUMA 700,2026-01-08 09:19:53+00:00,2026-01-08 09:51:18+00:00,1125,7
1189,66 DMU NLX 2500,2026-01-08 09:25:15+00:00,2026-01-08 09:51:59+00:00,949,4
446,22 DMU NLX 2500 old,2026-01-08 09:25:46+00:00,2026-01-08 09:51:15+00:00,1242,2
166,103 HAAS VF4,2026-01-08 10:26:05+00:00,2026-01-08 16:45:31+00:00,19370,18
447,22 DMU NLX 2500 old,2026-01-08 10:31:32+00:00,2026-01-08 11:08:48+00:00,1817,3
883,41 DMU NLX2500,2026-01-08 10:31:33+00:00,2026-01-08 13:49:53+00:00,9110,13
1190,66 DMU NLX 2500,2026-01-08 10:35:13+00:00,2026-01-08 11:07:42+00:00,950,4
325,21 DOOSAN PUMA700,2026-01-08 10:38:01+00:00,2026-01-08 10:54:59+00:00,1018,1
1040,65 DMU NLX 2500,2026-01-08 10:39:47+00:00,2026-01-08 12:20:57+00:00,3308,17
63,102 HAAS VF4,2026-01-08 10:50:09+00:00,2026-01-08 11:45:26+00:00,3317,1
560,23 DOOSAN PUMA 700,2026-01-08 11:12:34+00:00,2026-01-08 12:09:11+00:00,1134,16
326,21 DOOSAN PUMA700,2026-01-08 11:17:27+00:00,2026-01-08 12:32:16+00:00,3198,6
1191,66 DMU NLX 2500,2026-01-08 11:20:18+00:00,2026-01-08 11:58:02+00:00,944,8
448,22 DMU NLX 2500 old,2026-01-08 11:20:41+00:00,2026-01-08 11:48:56+00:00,1242,2
772,24 DOOSAN PUMA 3100L,2026-01-08 11:25:10+00:00,2026-01-08 11:52:31+00:00,799,23
64,102 HAAS VF4,2026-01-08 11:58:46+00:00,2026-01-08 15:08:19+00:00,10183,5
449,22 DMU NLX 2500 old,2026-01-08 12:02:09+00:00,2026-01-08 12:24:22+00:00,1333,1
773,24 DOOSAN PUMA 3100L,2026-01-08 12:09:05+00:00,2026-01-08 12:29:26+00:00,349,15
1192,66 DMU NLX 2500,2026-01-08 12:21:11+00:00,2026-01-08 12:31:44+00:00,475,2
561,23 DOOSAN PUMA 700,2026-01-08 12:25:25+00:00,2026-01-08 12:47:25+00:00,713,3
450,22 DMU NLX 2500 old,2026-01-08 12:38:29+00:00,2026-01-08 13:57:27+00:00,3693,8
327,21 DOOSAN PUMA700,2026-01-08 12:43:50+00:00,2026-01-08 13:31:18+00:00,2204,3
1193,66 DMU NLX 2500,2026-01-08 12:46:51+00:00,2026-01-08 12:56:37+00:00,473,2
1194,66 DMU NLX 2500,2026-01-08 13:07:42+00:00,2026-01-08 13:34:14+00:00,948,4
1195,66 DMU NLX 2500,2026-01-08 13:46:20+00:00,2026-01-08 13:56:48+00:00,477,2
564,23 DOOSAN PUMA 700,2026-01-08 14:01:26+00:00,2026-01-08 15:52:18+00:00,4752,25
1196,66 DMU NLX 2500,2026-01-08 14:12:05+00:00,2026-01-08 14:23:25+00:00,474,3
884,41 DMU NLX2500,2026-01-08 14:23:48+00:00,2026-01-08 16:06:04+00:00,5101,9
451,22 DMU NLX 2500 old,2026-01-08 14:25:03+00:00,2026-01-08 16:10:21+00:00,5487,7
1197,66 DMU NLX 2500,2026-01-08 14:34:09+00:00,2026-01-08 18:53:30+00:00,8070,37
1042,65 DMU NLX 2500,2026-01-08 14:34:36+00:00,2026-01-08 15:06:40+00:00,1047,5
774,24 DOOSAN PUMA 3100L,2026-01-08 14:45:37+00:00,2026-01-08 21:21:26+00:00,12931,74
1043,65 DMU NLX 2500,2026-01-08 15:17:21+00:00,2026-01-08 17:14:46+00:00,3398,18
565,23 DOOSAN PUMA 700,2026-01-08 16:07:41+00:00,2026-01-08 16:37:15+00:00,1368,8
452,22 DMU NLX 2500 old,2026-01-08 16:26:47+00:00,2026-01-08 18:02:43+00:00,4789,9
885,41 DMU NLX2500,2026-01-08 16:30:27+00:00,2026-01-08 18:03:06+00:00,5100,8
566,23 DOOSAN PUMA 700,2026-01-08 16:56:04+00:00,2026-01-08 21:42:42+00:00,11170,61
1044,65 DMU NLX 2500,2026-01-08 17:26:51+00:00,2026-01-08 18:49:58+00:00,2271,12
886,41 DMU NLX2500,2026-01-08 18:36:23+00:00,2026-01-08 19:59:39+00:00,4008,6
453,22 DMU NLX 2500 old,2026-01-08 18:36:32+00:00,2026-01-08 21:12:57+00:00,7454,11
1045,65 DMU NLX 2500,2026-01-08 19:55:04+00:00,2026-01-08 20:54:12+00:00,1649,10
1198,66 DMU NLX 2500,2026-01-08 19:58:36+00:00,2026-01-08 21:09:47+00:00,2174,10
887,41 DMU NLX2500,2026-01-08 20:12:03+00:00,2026-01-08 20:54:34+00:00,2248,4
1046,65 DMU NLX 2500,2026-01-08 21:07:23+00:00,2026-01-08 21:39:54+00:00,1055,5
1199,66 DMU NLX 2500,2026-01-08 21:20:27+00:00,2026-01-08 21:39:59+00:00,483,3
454,22 DMU NLX 2500 old,2026-01-08 21:39:18+00:00,2026-01-08 22:50:37+00:00,3545,8
888,41 DMU NLX2500,2026-01-08 21:39:45+00:00,2026-01-08 22:50:47+00:00,3767,7
775,24 DOOSAN PUMA 3100L,2026-01-08 21:59:16+00:00,2026-01-08 23:55:15+00:00,3972,27
1047,65 DMU NLX 2500,2026-01-08 22:12:55+00:00,2026-01-08 22:51:27+00:00,1211,7
1200,66 DMU NLX 2500,2026-01-08 22:13:28+00:00,2026-01-08 22:35:09+00:00,942,4
568,23 DOOSAN PUMA 700,2026-01-08 22:13:55+00:00,2026-01-08 22:37:31+00:00,1083,8
569,23 DOOSAN PUMA 700,2026-01-08 23:04:11+00:00,2026-01-08 23:57:08+00:00,1659,11
1048,65 DMU NLX 2500,2026-01-08 23:08:58+00:00,2026-01-08 23:22:42+00:00,617,2
889,41 DMU NLX2500,2026-01-08 23:14:12+00:00,2026-01-09 01:36:02+00:00,7108,12
455,22 DMU NLX 2500 old,2026-01-08 23:14:23+00:00,2026-01-09 02:03:15+00:00,8697,13
1203,66 DMU NLX 2500,2026-01-08 23:42:24+00:00,2026-01-08 23:53:01+00:00,473,2
1049,65 DMU NLX 2500,2026-01-08 23:43:15+00:00,2026-01-08 23:49:58+00:00,319,2
1050,65 DMU NLX 2500,2026-01-09 00:07:15+00:00,2026-01-09 00:48:53+00:00,1138,7
570,23 DOOSAN PUMA 700,2026-01-09 00:10:07+00:00,2026-01-09 00:25:27+00:00,503,5
1204,66 DMU NLX 2500,2026-01-09 00:14:13+00:00,2026-01-09 00:31:07+00:00,666,3
571,23 DOOSAN PUMA 700,2026-01-09 00:43:57+00:00,2026-01-09 00:49:11+00:00,314,1
1206,66 DMU NLX 2500,2026-01-09 01:00:20+00:00,2026-01-09 01:23:04+00:00,666,3
1051,65 DMU NLX 2500,2026-01-09 01:00:41+00:00,2026-01-09 01:26:34+00:00,815,4
573,23 DOOSAN PUMA 700,2026-01-09 01:14:45+00:00,2026-01-09 01:56:43+00:00,1082,6
574,23 DOOSAN PUMA 700,2026-01-09 02:12:39+00:00,2026-01-09 02:27:11+00:00,415,3
456,22 DMU NLX 2500 old,2026-01-09 05:11:06+00:00,2026-01-09 09:50:12+00:00,12237,20
1207,66 DMU NLX 2500,2026-01-09 05:14:15+00:00,2026-01-09 05:26:02+00:00,476,2
776,24 DOOSAN PUMA 3100L,2026-01-09 05:16:52+00:00,2026-01-09 05:25:44+00:00,469,3
167,103 HAAS VF4,2026-01-09 05:21:48+00:00,2026-01-09 06:45:21+00:00,3990,6
1208,66 DMU NLX 2500,2026-01-09 05:36:27+00:00,2026-01-09 06:23:13+00:00,1234,5
890,41 DMU NLX2500,2026-01-09 05:45:14+00:00,2026-01-09 06:01:41+00:00,914,2
777,24 DOOSAN PUMA 3100L,2026-01-09 05:46:31+00:00,2026-01-09 06:00:51+00:00,470,3
66,102 HAAS VF4,2026-01-09 05:53:15+00:00,2026-01-09 07:09:34+00:00,1826,10
576,23 DOOSAN PUMA 700,2026-01-09 06:01:58+00:00,2026-01-09 06:07:12+00:00,314,1
778,24 DOOSAN PUMA 3100L,2026-01-09 06:12:05+00:00,2026-01-09 06:37:27+00:00,939,2
891,41 DMU NLX2500,2026-01-09 06:13:03+00:00,2026-01-09 08:04:53+00:00,5094,7
577,23 DOOSAN PUMA 700,2026-01-09 06:20:40+00:00,2026-01-09 06:49:20+00:00,680,4
330,21 DOOSAN PUMA700,2026-01-09 06:33:51+00:00,2026-01-09 06:46:24+00:00,579,10
1210,66 DMU NLX 2500,2026-01-09 06:49:17+00:00,2026-01-09 07:47:21+00:00,1427,6
168,103 HAAS VF4,2026-01-09 07:00:52+00:00,2026-01-09 07:36:14+00:00,1211,6
779,24 DOOSAN PUMA 3100L,2026-01-09 07:01:41+00:00,2026-01-09 07:25:52+00:00,939,2
578,23 DOOSAN PUMA 700,2026-01-09 07:04:26+00:00,2026-01-09 07:36:35+00:00,1063,4
67,102 HAAS VF4,2026-01-09 07:33:17+00:00,2026-01-09 10:20:57+00:00,3679,20
780,24 DOOSAN PUMA 3100L,2026-01-09 07:39:22+00:00,2026-01-09 07:47:12+00:00,470,1
1211,66 DMU NLX 2500,2026-01-09 08:01:21+00:00,2026-01-09 10:04:41+00:00,3608,17
169,103 HAAS VF4,2026-01-09 08:03:05+00:00,2026-01-09 08:21:54+00:00,1129,1
781,24 DOOSAN PUMA 3100L,2026-01-09 08:17:12+00:00,2026-01-09 08:41:12+00:00,940,2
332,21 DOOSAN PUMA700,2026-01-09 08:25:01+00:00,2026-01-09 09:08:58+00:00,2039,14
170,103 HAAS VF4,2026-01-09 08:42:24+00:00,2026-01-09 11:22:39+00:00,7953,7
892,41 DMU NLX2500,2026-01-09 08:43:04+00:00,2026-01-09 09:17:43+00:00,2003,3
782,24 DOOSAN PUMA 3100L,2026-01-09 08:53:35+00:00,2026-01-09 10:00:37+00:00,2348,5
582,23 DOOSAN PUMA 700,2026-01-09 09:11:09+00:00,2026-01-09 09:16:23+00:00,314,1
68,102 HAAS VF4,2026-01-09 10:31:53+00:00,2026-01-09 11:02:25+00:00,896,5
333,21 DOOSAN PUMA700,2026-01-09 10:35:18+00:00,2026-01-09 11:33:44+00:00,2492,4
783,24 DOOSAN PUMA 3100L,2026-01-09 10:38:02+00:00,2026-01-09 11:25:04+00:00,1878,4
585,23 DOOSAN PUMA 700,2026-01-09 11:12:56+00:00,2026-01-09 11:20:25+00:00,327,2
784,24 DOOSAN PUMA 3100L,2026-01-09 11:35:14+00:00,2026-01-09 11:43:03+00:00,469,1
457,22 DMU NLX 2500 old,2026-01-10 16:59:10+00:00,2026-01-10 19:12:27+00:00,6124,10
1212,66 DMU NLX 2500,2026-01-10 17:01:47+00:00,2026-01-10 18:12:51+00:00,2370,10
334,21 DOOSAN PUMA700,2026-01-10 17:15:53+00:00,2026-01-10 17:40:22+00:00,1452,2
69,102 HAAS VF4,2026-01-10 17:18:06+00:00,2026-01-10 17:49:07+00:00,765,6
171,103 HAAS VF4,2026-01-10 17:19:00+00:00,2026-01-10 17:42:36+00:00,1299,2
785,24 DOOSAN PUMA 3100L,2026-01-10 17:22:26+00:00,2026-01-10 17:46:58+00:00,940,2
586,23 DOOSAN PUMA 700,2026-01-10 17:23:18+00:00,2026-01-10 17:54:25+00:00,1081,7
893,41 DMU NLX2500,2026-01-10 17:26:29+00:00,2026-01-10 18:16:23+00:00,2006,3
335,21 DOOSAN PUMA700,2026-01-10 17:53:19+00:00,2026-01-10 18:34:11+00:00,2452,1
786,24 DOOSAN PUMA 3100L,2026-01-10 17:58:37+00:00,2026-01-10 18:37:19+00:00,1408,3
70,102 HAAS VF4,2026-01-10 18:01:09+00:00,2026-01-10 19:21:38+00:00,2029,11
587,23 DOOSAN PUMA 700,2026-01-10 18:08:15+00:00,2026-01-10 18:17:54+00:00,579,1
1213,66 DMU NLX 2500,2026-01-10 18:22:53+00:00,2026-01-11 00:40:46+00:00,11829,53
894,41 DMU NLX2500,2026-01-10 18:28:33+00:00,2026-01-10 19:17:22+00:00,2004,3
588,23 DOOSAN PUMA 700,2026-01-10 18:30:03+00:00,2026-01-10 18:51:04+00:00,509,3
336,21 DOOSAN PUMA700,2026-01-10 18:49:11+00:00,2026-01-10 19:33:39+00:00,2331,2
787,24 DOOSAN PUMA 3100L,2026-01-10 18:49:24+00:00,2026-01-10 18:57:14+00:00,470,1
788,24 DOOSAN PUMA 3100L,2026-01-10 19:09:59+00:00,2026-01-10 19:17:49+00:00,470,1
458,22 DMU NLX 2500 old,2026-01-10 19:26:32+00:00,2026-01-11 01:07:02+00:00,15786,27
895,41 DMU NLX2500,2026-01-10 19:30:45+00:00,2026-01-10 19:54:16+00:00,927,3
590,23 DOOSAN PUMA 700,2026-01-10 19:30:56+00:00,2026-01-10 21:14:57+00:00,3819,17
789,24 DOOSAN PUMA 3100L,2026-01-10 19:41:30+00:00,2026-01-10 19:49:19+00:00,469,1
337,21 DOOSAN PUMA700,2026-01-10 19:47:53+00:00,2026-01-10 20:51:36+00:00,3240,3
896,41 DMU NLX2500,2026-01-10 20:04:27+00:00,2026-01-10 20:30:53+00:00,1336,2
897,41 DMU NLX2500,2026-01-10 20:42:45+00:00,2026-01-10 21:34:16+00:00,2004,3
72,102 HAAS VF4,2026-01-10 21:06:43+00:00,2026-01-10 21:26:09+00:00,360,4
338,21 DOOSAN PUMA700,2026-01-10 21:09:25+00:00,2026-01-10 22:13:11+00:00,3066,5
591,23 DOOSAN PUMA 700,2026-01-10 21:26:26+00:00,2026-01-10 21:56:02+00:00,1082,5
1052,65 DMU NLX 2500,2026-01-10 21:36:36+00:00,2026-01-10 23:02:18+00:00,1876,11
73,102 HAAS VF4,2026-01-10 21:38:42+00:00,2026-01-11 00:11:34+00:00,2888,26
898,41 DMU NLX2500,2026-01-10 22:14:34+00:00,2026-01-10 22:25:46+00:00,672,1
339,21 DOOSAN PUMA700,2026-01-10 22:26:26+00:00,2026-01-10 23:55:12+00:00,4832,2
592,23 DOOSAN PUMA 700,2026-01-10 22:26:49+00:00,2026-01-10 22:36:28+00:00,579,1
899,41 DMU NLX2500,2026-01-10 22:54:27+00:00,2026-01-10 23:12:35+00:00,1088,1
593,23 DOOSAN PUMA 700,2026-01-10 22:56:43+00:00,2026-01-10 23:56:17+00:00,2162,8
1053,65 DMU NLX 2500,2026-01-10 23:29:18+00:00,2026-01-11 00:20:24+00:00,1520,7
901,41 DMU NLX2500,2026-01-10 23:52:29+00:00,2026-01-11 00:03:41+00:00,672,1
594,23 DOOSAN PUMA 700,2026-01-11 00:09:51+00:00,2026-01-11 00:25:35+00:00,416,2
902,41 DMU NLX2500,2026-01-11 00:18:39+00:00,2026-01-11 00:46:11+00:00,1334,2
340,21 DOOSAN PUMA700,2026-01-11 00:35:55+00:00,2026-01-11 01:19:39+00:00,2094,4
595,23 DOOSAN PUMA 700,2026-01-11 00:36:29+00:00,2026-01-11 01:18:22+00:00,1126,5
74,102 HAAS VF4,2026-01-11 00:46:38+00:00,2026-01-11 04:39:30+00:00,4645,42
1056,65 DMU NLX 2500,2026-01-11 01:03:34+00:00,2026-01-11 02:04:01+00:00,1253,7
903,41 DMU NLX2500,2026-01-11 01:18:39+00:00,2026-01-11 02:07:07+00:00,2005,3
597,23 DOOSAN PUMA 700,2026-01-11 01:42:10+00:00,2026-01-11 01:56:36+00:00,328,2
341,21 DOOSAN PUMA700,2026-01-11 01:54:38+00:00,2026-01-11 02:42:25+00:00,2815,6
460,22 DMU NLX 2500 old,2026-01-11 01:56:34+00:00,2026-01-11 06:10:56+00:00,11612,17
1057,65 DMU NLX 2500,2026-01-11 02:23:27+00:00,2026-01-11 02:38:30+00:00,694,3
598,23 DOOSAN PUMA 700,2026-01-11 02:33:50+00:00,2026-01-11 02:52:42+00:00,925,5
904,41 DMU NLX2500,2026-01-11 02:36:36+00:00,2026-01-11 03:10:30+00:00,1758,3
342,21 DOOSAN PUMA700,2026-01-11 02:59:45+00:00,2026-01-11 03:38:31+00:00,2004,2
599,23 DOOSAN PUMA 700,2026-01-11 03:04:03+00:00,2026-01-11 03:34:15+00:00,1082,4
1059,65 DMU NLX 2500,2026-01-11 03:05:30+00:00,2026-01-11 03:47:30+00:00,1043,5
905,41 DMU NLX2500,2026-01-11 03:28:50+00:00,2026-01-11 03:44:34+00:00,915,2
906,41 DMU NLX2500,2026-01-11 03:55:39+00:00,2026-01-11 04:41:41+00:00,2006,3
343,21 DOOSAN PUMA700,2026-01-11 03:57:17+00:00,2026-01-11 04:02:49+00:00,332,1
600,23 DOOSAN PUMA 700,2026-01-11 04:00:33+00:00,2026-01-11 04:37:18+00:00,1369,8
1062,65 DMU NLX 2500,2026-01-11 05:05:53+00:00,2026-01-11 05:52:37+00:00,1567,9
790,24 DOOSAN PUMA 3100L,2026-01-11 05:11:06+00:00,2026-01-11 09:44:03+00:00,9428,44
907,41 DMU NLX2500,2026-01-11 05:15:57+00:00,2026-01-11 09:56:04+00:00,13790,21
344,21 DOOSAN PUMA700,2026-01-11 05:16:32+00:00,2026-01-11 11:49:15+00:00,18254,29
601,23 DOOSAN PUMA 700,2026-01-11 05:31:15+00:00,2026-01-11 06:37:08+00:00,1683,9
1063,65 DMU NLX 2500,2026-01-11 06:08:39+00:00,2026-01-11 06:32:18+00:00,823,4
461,22 DMU NLX 2500 old,2026-01-11 06:25:47+00:00,2026-01-11 08:30:16+00:00,6119,10
77,102 HAAS VF4,2026-01-11 06:41:31+00:00,2026-01-11 07:05:33+00:00,364,6
1064,65 DMU NLX 2500,2026-01-11 06:44:21+00:00,2026-01-11 08:58:26+00:00,4618,25
602,23 DOOSAN PUMA 700,2026-01-11 06:55:11+00:00,2026-01-11 07:23:18+00:00,1082,6
78,102 HAAS VF4,2026-01-11 07:17:00+00:00,2026-01-11 08:05:10+00:00,780,7
603,23 DOOSAN PUMA 700,2026-01-11 07:36:25+00:00,2026-01-11 07:48:39+00:00,439,3
604,23 DOOSAN PUMA 700,2026-01-11 08:21:54+00:00,2026-01-11 08:48:58+00:00,907,5
462,22 DMU NLX 2500 old,2026-01-11 08:40:55+00:00,2026-01-11 09:52:58+00:00,3545,7
81,102 HAAS VF4,2026-01-11 09:12:59+00:00,2026-01-11 09:44:53+00:00,551,5
1065,65 DMU NLX 2500,2026-01-11 09:20:04+00:00,2026-01-11 09:46:47+00:00,1053,5
1217,66 DMU NLX 2500,2026-01-11 10:18:12+00:00,2026-01-11 11:00:03+00:00,893,28
1066,65 DMU NLX 2500,2026-01-11 10:32:55+00:00,2026-01-11 10:58:33+00:00,1014,5
463,22 DMU NLX 2500 old,2026-01-11 10:33:36+00:00,2026-01-11 13:47:59+00:00,9183,15
908,41 DMU NLX2500,2026-01-11 10:33:43+00:00,2026-01-11 11:31:42+00:00,3097,6
608,23 DOOSAN PUMA 700,2026-01-11 10:48:26+00:00,2026-01-11 11:32:05+00:00,1395,8
791,24 DOOSAN PUMA 3100L,2026-01-11 10:51:07+00:00,2026-01-11 13:48:56+00:00,7512,17
1218,66 DMU NLX 2500,2026-01-11 11:13:48+00:00,2026-01-11 11:29:33+00:00,525,14
1067,65 DMU NLX 2500,2026-01-11 11:16:31+00:00,2026-01-11 13:25:07+00:00,4218,22
83,102 HAAS VF4,2026-01-11 11:36:21+00:00,2026-01-11 12:11:33+00:00,549,5
909,41 DMU NLX2500,2026-01-11 11:44:07+00:00,2026-01-11 13:18:37+00:00,4258,7
609,23 DOOSAN PUMA 700,2026-01-11 11:44:20+00:00,2026-01-11 11:54:44+00:00,442,3
345,21 DOOSAN PUMA700,2026-01-11 12:02:08+00:00,2026-01-11 14:21:45+00:00,5949,11
610,23 DOOSAN PUMA 700,2026-01-11 12:08:34+00:00,2026-01-11 12:59:51+00:00,1321,8
1220,66 DMU NLX 2500,2026-01-11 12:08:34+00:00,2026-01-11 12:30:19+00:00,364,26
84,102 HAAS VF4,2026-01-11 12:36:10+00:00,2026-01-11 13:05:33+00:00,443,4
910,41 DMU NLX2500,2026-01-11 13:39:48+00:00,2026-01-11 13:51:01+00:00,673,1
792,24 DOOSAN PUMA 3100L,2026-01-11 14:05:28+00:00,2026-01-11 14:13:17+00:00,469,1
793,24 DOOSAN PUMA 3100L,2026-01-11 14:23:47+00:00,2026-01-11 20:01:32+00:00,14100,30
612,23 DOOSAN PUMA 700,2026-01-11 14:24:58+00:00,2026-01-11 15:00:12+00:00,1081,6
87,102 HAAS VF4,2026-01-11 14:31:30+00:00,2026-01-11 14:48:42+00:00,335,3
346,21 DOOSAN PUMA700,2026-01-11 14:51:03+00:00,2026-01-11 15:19:36+00:00,1688,2
613,23 DOOSAN PUMA 700,2026-01-11 15:11:03+00:00,2026-01-11 15:20:42+00:00,579,1
614,23 DOOSAN PUMA 700,2026-01-11 15:39:15+00:00,2026-01-11 15:51:26+00:00,504,4
347,21 DOOSAN PUMA700,2026-01-11 15:49:38+00:00,2026-01-11 16:21:15+00:00,1897,1
1068,65 DMU NLX 2500,2026-01-11 15:57:54+00:00,2026-01-11 16:19:30+00:00,1134,6
464,22 DMU NLX 2500 old,2026-01-11 15:58:29+00:00,2026-01-11 16:51:11+00:00,2575,3
911,41 DMU NLX2500,2026-01-11 16:06:01+00:00,2026-01-11 16:24:08+00:00,1087,1
615,23 DOOSAN PUMA 700,2026-01-11 16:14:10+00:00,2026-01-11 17:33:49+00:00,2915,10
1069,65 DMU NLX 2500,2026-01-11 16:33:19+00:00,2026-01-11 17:59:14+00:00,3397,18
348,21 DOOSAN PUMA700,2026-01-11 16:37:23+00:00,2026-01-11 17:36:34+00:00,3033,4
912,41 DMU NLX2500,2026-01-11 16:38:51+00:00,2026-01-11 16:56:06+00:00,918,2
465,22 DMU NLX 2500 old,2026-01-11 17:01:14+00:00,2026-01-11 23:49:38+00:00,18849,34
913,41 DMU NLX2500,2026-01-11 17:12:07+00:00,2026-01-11 17:30:14+00:00,1087,1
914,41 DMU NLX2500,2026-01-11 17:44:05+00:00,2026-01-11 18:28:39+00:00,2004,3
91,102 HAAS VF4,2026-01-11 17:47:53+00:00,2026-01-11 19:52:12+00:00,2118,20
349,21 DOOSAN PUMA700,2026-01-11 17:50:10+00:00,2026-01-11 18:33:09+00:00,2270,3
616,23 DOOSAN PUMA 700,2026-01-11 17:50:56+00:00,2026-01-11 18:33:02+00:00,1371,6
1070,65 DMU NLX 2500,2026-01-11 18:10:19+00:00,2026-01-11 23:47:58+00:00,12784,69
617,23 DOOSAN PUMA 700,2026-01-11 18:48:48+00:00,2026-01-11 19:08:14+00:00,905,3
350,21 DOOSAN PUMA700,2026-01-11 18:53:58+00:00,2026-01-11 19:59:05+00:00,3657,3
916,41 DMU NLX2500,2026-01-11 19:08:50+00:00,2026-01-11 20:08:29+00:00,2680,5
618,23 DOOSAN PUMA 700,2026-01-11 19:37:54+00:00,2026-01-11 19:59:04+00:00,791,4
351,21 DOOSAN PUMA700,2026-01-11 20:14:44+00:00,2026-01-11 20:33:59+00:00,1155,1
619,23 DOOSAN PUMA 700,2026-01-11 20:17:16+00:00,2026-01-11 20:39:46+00:00,1080,4
794,24 DOOSAN PUMA 3100L,2026-01-11 20:17:48+00:00,2026-01-12 01:46:01+00:00,14546,32
917,41 DMU NLX2500,2026-01-11 20:28:12+00:00,2026-01-11 20:46:22+00:00,1090,1
352,21 DOOSAN PUMA700,2026-01-11 20:44:49+00:00,2026-01-11 21:04:37+00:00,1188,1
92,102 HAAS VF4,2026-01-11 20:46:09+00:00,2026-01-12 01:01:45+00:00,4766,45
620,23 DOOSAN PUMA 700,2026-01-11 20:54:28+00:00,2026-01-11 21:04:09+00:00,581,1
621,23 DOOSAN PUMA 700,2026-01-11 21:14:42+00:00,2026-01-11 21:27:35+00:00,504,3
353,21 DOOSAN PUMA700,2026-01-11 21:21:36+00:00,2026-01-11 21:56:19+00:00,2061,2
919,41 DMU NLX2500,2026-01-11 21:38:26+00:00,2026-01-11 22:21:50+00:00,2007,4
622,23 DOOSAN PUMA 700,2026-01-11 21:55:19+00:00,2026-01-11 22:04:58+00:00,579,2
354,21 DOOSAN PUMA700,2026-01-11 22:11:40+00:00,2026-01-11 23:55:50+00:00,5258,6
623,23 DOOSAN PUMA 700,2026-01-11 22:17:12+00:00,2026-01-11 22:35:44+00:00,503,4
920,41 DMU NLX2500,2026-01-11 22:48:04+00:00,2026-01-11 23:18:42+00:00,1762,2
624,23 DOOSAN PUMA 700,2026-01-11 22:52:22+00:00,2026-01-11 23:19:22+00:00,1082,5
625,23 DOOSAN PUMA 700,2026-01-11 23:29:43+00:00,2026-01-11 23:55:16+00:00,993,3
922,41 DMU NLX2500,2026-01-12 00:01:04+00:00,2026-01-12 00:36:18+00:00,1762,2
626,23 DOOSAN PUMA 700,2026-01-12 00:07:02+00:00,2026-01-12 00:21:15+00:00,373,2
355,21 DOOSAN PUMA700,2026-01-12 00:14:55+00:00,2026-01-12 00:59:32+00:00,2677,1
1071,65 DMU NLX 2500,2026-01-12 00:25:46+00:00,2026-01-12 04:06:54+00:00,7629,40
466,22 DMU NLX 2500 old,2026-01-12 00:26:25+00:00,2026-01-12 02:55:23+00:00,7364,12
627,23 DOOSAN PUMA 700,2026-01-12 00:32:46+00:00,2026-01-12 00:42:26+00:00,580,1
628,23 DOOSAN PUMA 700,2026-01-12 00:55:02+00:00,2026-01-12 01:08:28+00:00,502,3
923,41 DMU NLX2500,2026-01-12 01:11:14+00:00,2026-01-12 01:58:10+00:00,2005,3
93,102 HAAS VF4,2026-01-12 01:34:37+00:00,2026-01-12 02:40:17+00:00,1217,11
924,41 DMU NLX2500,2026-01-12 02:26:36+00:00,2026-01-12 03:10:15+00:00,2014,3
94,102 HAAS VF4,2026-01-12 02:55:14+00:00,2026-01-12 04:34:16+00:00,1770,16
467,22 DMU NLX 2500 old,2026-01-12 03:08:21+00:00,2026-01-12 04:13:16+00:00,3061,5
925,41 DMU NLX2500,2026-01-12 03:22:12+00:00,2026-01-12 03:59:11+00:00,2005,3
926,41 DMU NLX2500,2026-01-12 05:07:05+00:00,2026-01-12 09:54:14+00:00,14038,24
468,22 DMU NLX 2500 old,2026-01-12 05:07:41+00:00,2026-01-12 08:41:31+00:00,10518,16
1072,65 DMU NLX 2500,2026-01-12 05:08:19+00:00,2026-01-12 06:03:16+00:00,1450,8
795,24 DOOSAN PUMA 3100L,2026-01-12 05:10:56+00:00,2026-01-12 09:50:37+00:00,11734,25
629,23 DOOSAN PUMA 700,2026-01-12 05:14:58+00:00,2026-01-12 06:03:03+00:00,1393,7
356,21 DOOSAN PUMA700,2026-01-12 05:20:29+00:00,2026-01-12 05:39:57+00:00,1163,3
1221,66 DMU NLX 2500,2026-01-12 05:35:15+00:00,2026-01-12 06:19:21+00:00,1322,13
243,104 DOOSAN DNM6700,2026-01-12 05:49:20+00:00,2026-01-12 07:29:25+00:00,4204,14
357,21 DOOSAN PUMA700,2026-01-12 05:55:49+00:00,2026-01-12 07:26:14+00:00,3944,7
1073,65 DMU NLX 2500,2026-01-12 06:13:18+00:00,2026-01-12 07:02:11+00:00,1335,8
630,23 DOOSAN PUMA 700,2026-01-12 06:18:16+00:00,2026-01-12 06:38:19+00:00,768,5
631,23 DOOSAN PUMA 700,2026-01-12 06:49:30+00:00,2026-01-12 07:21:55+00:00,1082,6
1074,65 DMU NLX 2500,2026-01-12 07:18:37+00:00,2026-01-12 08:31:09+00:00,2186,11
1222,66 DMU NLX 2500,2026-01-12 07:19:01+00:00,2026-01-12 07:44:46+00:00,861,8
632,23 DOOSAN PUMA 700,2026-01-12 07:33:27+00:00,2026-01-12 08:10:20+00:00,1433,9
174,103 HAAS VF4,2026-01-12 07:38:47+00:00,2026-01-12 08:27:38+00:00,1658,39
358,21 DOOSAN PUMA700,2026-01-12 07:38:53+00:00,2026-01-12 08:08:06+00:00,1411,2
99,102 HAAS VF4,2026-01-12 07:49:26+00:00,2026-01-12 08:20:14+00:00,440,4
245,104 DOOSAN DNM6700,2026-01-12 08:08:56+00:00,2026-01-12 09:29:21+00:00,4220,5
359,21 DOOSAN PUMA700,2026-01-12 08:19:11+00:00,2026-01-12 09:45:15+00:00,3969,7
633,23 DOOSAN PUMA 700,2026-01-12 08:20:58+00:00,2026-01-12 08:42:55+00:00,769,5
1075,65 DMU NLX 2500,2026-01-12 08:42:00+00:00,2026-01-12 08:47:22+00:00,309,2
634,23 DOOSAN PUMA 700,2026-01-12 09:00:29+00:00,2026-01-12 09:52:23+00:00,1793,9
1076,65 DMU NLX 2500,2026-01-12 09:01:06+00:00,2026-01-12 09:07:31+00:00,385,1
1223,66 DMU NLX 2500,2026-01-12 09:01:08+00:00,2026-01-12 09:28:18+00:00,1035,7
246,104 DOOSAN DNM6700,2026-01-12 09:44:16+00:00,2026-01-12 10:46:44+00:00,2225,8
360,21 DOOSAN PUMA700,2026-01-12 09:55:26+00:00,2026-01-12 10:42:20+00:00,2814,1
927,41 DMU NLX2500,2026-01-12 10:31:53+00:00,2026-01-12 13:49:17+00:00,9358,16
635,23 DOOSAN PUMA 700,2026-01-12 10:33:22+00:00,2026-01-12 11:29:56+00:00,1451,10
796,24 DOOSAN PUMA 3100L,2026-01-12 10:37:42+00:00,2026-01-12 12:47:58+00:00,6101,13
361,21 DOOSAN PUMA700,2026-01-12 10:53:45+00:00,2026-01-12 12:03:17+00:00,3192,3
469,22 DMU NLX 2500 old,2026-01-12 10:54:39+00:00,2026-01-12 11:52:46+00:00,3064,5
247,104 DOOSAN DNM6700,2026-01-12 11:10:00+00:00,2026-01-12 11:46:23+00:00,2011,4
102,102 HAAS VF4,2026-01-12 11:14:26+00:00,2026-01-12 12:44:11+00:00,2933,53
637,23 DOOSAN PUMA 700,2026-01-12 11:52:53+00:00,2026-01-12 12:14:36+00:00,584,3
1224,66 DMU NLX 2500,2026-01-12 11:52:55+00:00,2026-01-12 12:15:07+00:00,952,7
248,104 DOOSAN DNM6700,2026-01-12 11:57:32+00:00,2026-01-12 13:15:30+00:00,4241,8
470,22 DMU NLX 2500 old,2026-01-12 12:13:58+00:00,2026-01-12 13:50:54+00:00,4788,9
362,21 DOOSAN PUMA700,2026-01-12 12:27:10+00:00,2026-01-12 12:57:50+00:00,1840,1
638,23 DOOSAN PUMA 700,2026-01-12 12:29:35+00:00,2026-01-12 13:06:52+00:00,787,12
1225,66 DMU NLX 2500,2026-01-12 13:03:11+00:00,2026-01-12 13:46:47+00:00,1782,10
176,103 HAAS VF4,2026-01-12 13:05:25+00:00,2026-01-12 13:48:44+00:00,1408,15
639,23 DOOSAN PUMA 700,2026-01-12 13:19:14+00:00,2026-01-12 13:24:28+00:00,314,1
249,104 DOOSAN DNM6700,2026-01-12 13:33:24+00:00,2026-01-12 14:05:55+00:00,1825,5
363,21 DOOSAN PUMA700,2026-01-12 13:37:21+00:00,2026-01-12 14:02:12+00:00,1491,1
640,23 DOOSAN PUMA 700,2026-01-12 13:39:03+00:00,2026-01-12 14:03:58+00:00,768,5
177,103 HAAS VF4,2026-01-12 14:18:04+00:00,2026-01-12 15:04:35+00:00,1507,38
641,23 DOOSAN PUMA 700,2026-01-12 14:21:34+00:00,2026-01-12 15:03:30+00:00,1368,7
364,21 DOOSAN PUMA700,2026-01-12 14:32:51+00:00,2026-01-12 15:13:23+00:00,1696,3
251,104 DOOSAN DNM6700,2026-01-12 14:37:16+00:00,2026-01-12 15:20:59+00:00,2246,4
1081,65 DMU NLX 2500,2026-01-12 14:43:30+00:00,2026-01-12 14:55:22+00:00,436,6
1226,66 DMU NLX 2500,2026-01-12 14:59:39+00:00,2026-01-12 15:18:30+00:00,908,5
105,102 HAAS VF4,2026-01-12 15:14:25+00:00,2026-01-12 16:18:12+00:00,1222,12
642,23 DOOSAN PUMA 700,2026-01-12 15:17:20+00:00,2026-01-12 15:44:20+00:00,1084,7
365,21 DOOSAN PUMA700,2026-01-12 15:27:46+00:00,2026-01-12 15:53:59+00:00,1465,2
1227,66 DMU NLX 2500,2026-01-12 15:30:34+00:00,2026-01-12 15:57:43+00:00,911,6
252,104 DOOSAN DNM6700,2026-01-12 15:36:58+00:00,2026-01-12 17:03:16+00:00,4285,8
1082,65 DMU NLX 2500,2026-01-12 15:55:30+00:00,2026-01-12 16:11:26+00:00,716,3
643,23 DOOSAN PUMA 700,2026-01-12 15:56:12+00:00,2026-01-12 17:08:04+00:00,3028,11
928,41 DMU NLX2500,2026-01-12 15:58:50+00:00,2026-01-12 16:33:31+00:00,1758,2
471,22 DMU NLX 2500 old,2026-01-12 16:04:14+00:00,2026-01-12 16:26:27+00:00,1333,1
1228,66 DMU NLX 2500,2026-01-12 16:09:16+00:00,2026-01-12 16:28:18+00:00,896,3
366,21 DOOSAN PUMA700,2026-01-12 16:12:50+00:00,2026-01-12 16:30:19+00:00,1049,1
1083,65 DMU NLX 2500,2026-01-12 16:25:32+00:00,2026-01-12 16:52:07+00:00,1142,6
106,102 HAAS VF4,2026-01-12 16:34:17+00:00,2026-01-12 19:55:41+00:00,3251,34
472,22 DMU NLX 2500 old,2026-01-12 16:49:47+00:00,2026-01-12 17:36:02+00:00,1727,6
367,21 DOOSAN PUMA700,2026-01-12 16:50:26+00:00,2026-01-12 19:57:58+00:00,8160,9
1229,66 DMU NLX 2500,2026-01-12 16:51:28+00:00,2026-01-12 17:08:51+00:00,607,2
929,41 DMU NLX2500,2026-01-12 16:55:06+00:00,2026-01-12 18:23:21+00:00,4003,7
644,23 DOOSAN PUMA 700,2026-01-12 17:18:28+00:00,2026-01-12 17:34:28+00:00,795,3
1230,66 DMU NLX 2500,2026-01-12 17:19:56+00:00,2026-01-12 17:44:22+00:00,601,8
1084,65 DMU NLX 2500,2026-01-12 17:20:28+00:00,2026-01-12 17:47:46+00:00,1156,7
645,23 DOOSAN PUMA 700,2026-01-12 17:46:31+00:00,2026-01-12 20:30:31+00:00,5980,25
473,22 DMU NLX 2500 old,2026-01-12 17:48:35+00:00,2026-01-12 23:13:52+00:00,15259,27
1085,65 DMU NLX 2500,2026-01-12 17:59:26+00:00,2026-01-12 19:09:50+00:00,2468,15
930,41 DMU NLX2500,2026-01-12 18:37:59+00:00,2026-01-12 21:54:48+00:00,8019,12
1086,65 DMU NLX 2500,2026-01-12 19:42:43+00:00,2026-01-12 23:12:00+00:00,8265,44
368,21 DOOSAN PUMA700,2026-01-12 20:22:23+00:00,2026-01-12 21:25:42+00:00,3473,2
107,102 HAAS VF4,2026-01-12 20:31:07+00:00,2026-01-12 23:33:53+00:00,3251,33
646,23 DOOSAN PUMA 700,2026-01-12 21:10:29+00:00,2026-01-12 21:59:05+00:00,1836,6
369,21 DOOSAN PUMA700,2026-01-12 21:38:16+00:00,2026-01-12 22:33:12+00:00,2788,3
647,23 DOOSAN PUMA 700,2026-01-12 22:11:39+00:00,2026-01-12 22:17:31+00:00,328,2
931,41 DMU NLX2500,2026-01-12 22:19:49+00:00,2026-01-12 22:37:59+00:00,1090,1
648,23 DOOSAN PUMA 700,2026-01-12 22:29:17+00:00,2026-01-12 22:38:56+00:00,579,1
649,23 DOOSAN PUMA 700,2026-01-12 22:49:52+00:00,2026-01-12 23:03:24+00:00,503,3
370,21 DOOSAN PUMA700,2026-01-12 22:51:10+00:00,2026-01-12 22:56:41+00:00,331,1
933,41 DMU NLX2500,2026-01-12 23:13:20+00:00,2026-01-12 23:24:33+00:00,673,1
371,21 DOOSAN PUMA700,2026-01-12 23:13:34+00:00,2026-01-13 01:37:22+00:00,6609,6
650,23 DOOSAN PUMA 700,2026-01-12 23:16:13+00:00,2026-01-12 23:25:52+00:00,579,1
651,23 DOOSAN PUMA 700,2026-01-12 23:43:05+00:00,2026-01-12 23:55:17+00:00,504,4
1087,65 DMU NLX 2500,2026-01-12 23:46:00+00:00,2026-01-13 04:04:25+00:00,9220,47
934,41 DMU NLX2500,2026-01-12 23:49:26+00:00,2026-01-13 00:20:40+00:00,1337,2
474,22 DMU NLX 2500 old,2026-01-12 23:50:37+00:00,2026-01-13 01:48:08+00:00,5613,10
652,23 DOOSAN PUMA 700,2026-01-13 00:05:30+00:00,2026-01-13 01:35:29+00:00,3663,15
935,41 DMU NLX2500,2026-01-13 00:38:00+00:00,2026-01-13 00:49:10+00:00,670,1
936,41 DMU NLX2500,2026-01-13 01:09:45+00:00,2026-01-13 01:35:28+00:00,1337,2
937,41 DMU NLX2500,2026-01-13 01:51:12+00:00,2026-01-13 02:02:22+00:00,670,1
372,21 DOOSAN PUMA700,2026-01-13 01:52:53+00:00,2026-01-13 05:42:44+00:00,12723,5
653,23 DOOSAN PUMA 700,2026-01-13 01:53:51+00:00,2026-01-13 02:13:17+00:00,788,5
475,22 DMU NLX 2500 old,2026-01-13 02:00:59+00:00,2026-01-13 03:58:23+00:00,5611,10
938,41 DMU NLX2500,2026-01-13 02:13:54+00:00,2026-01-13 02:32:05+00:00,1088,2
940,41 DMU NLX2500,2026-01-13 03:27:47+00:00,2026-01-13 03:39:00+00:00,673,1
1088,65 DMU NLX 2500,2026-01-13 05:03:01+00:00,2026-01-13 05:12:07+00:00,462,3
476,22 DMU NLX 2500 old,2026-01-13 05:13:06+00:00,2026-01-13 09:47:55+00:00,12715,22
941,41 DMU NLX2500,2026-01-13 05:15:49+00:00,2026-01-13 07:20:45+00:00,6183,9
654,23 DOOSAN PUMA 700,2026-01-13 05:17:04+00:00,2026-01-13 05:42:46+00:00,996,4
1089,65 DMU NLX 2500,2026-01-13 05:24:51+00:00,2026-01-13 07:52:21+00:00,4666,24
1231,66 DMU NLX 2500,2026-01-13 05:28:46+00:00,2026-01-13 05:47:41+00:00,658,7
180,103 HAAS VF4,2026-01-13 05:30:48+00:00,2026-01-13 06:11:57+00:00,1166,25
1232,66 DMU NLX 2500,2026-01-13 05:58:35+00:00,2026-01-13 06:20:34+00:00,387,20
255,104 DOOSAN DNM6700,2026-01-13 06:04:53+00:00,2026-01-13 06:42:23+00:00,1429,7
373,21 DOOSAN PUMA700,2026-01-13 06:07:24+00:00,2026-01-13 06:59:30+00:00,2708,4
181,103 HAAS VF4,2026-01-13 06:24:56+00:00,2026-01-13 06:39:42+00:00,680,5
656,23 DOOSAN PUMA 700,2026-01-13 06:41:17+00:00,2026-01-13 07:09:28+00:00,1079,5
256,104 DOOSAN DNM6700,2026-01-13 06:58:01+00:00,2026-01-13 07:17:19+00:00,867,10
374,21 DOOSAN PUMA700,2026-01-13 07:12:05+00:00,2026-01-13 07:38:06+00:00,1540,2
1233,66 DMU NLX 2500,2026-01-13 07:25:24+00:00,2026-01-13 07:44:36+00:00,919,6
657,23 DOOSAN PUMA 700,2026-01-13 07:25:51+00:00,2026-01-13 08:36:45+00:00,2417,14
111,102 HAAS VF4,2026-01-13 07:26:09+00:00,2026-01-13 08:00:24+00:00,1218,19
942,41 DMU NLX2500,2026-01-13 07:32:11+00:00,2026-01-13 09:43:58+00:00,6269,13
257,104 DOOSAN DNM6700,2026-01-13 07:35:27+00:00,2026-01-13 08:16:34+00:00,2034,5
1090,65 DMU NLX 2500,2026-01-13 08:05:24+00:00,2026-01-13 09:41:04+00:00,3033,15
258,104 DOOSAN DNM6700,2026-01-13 08:34:53+00:00,2026-01-13 09:17:58+00:00,2226,7
658,23 DOOSAN PUMA 700,2026-01-13 08:49:52+00:00,2026-01-13 09:53:02+00:00,2163,11
1235,66 DMU NLX 2500,2026-01-13 08:51:27+00:00,2026-01-13 09:12:46+00:00,743,5
112,102 HAAS VF4,2026-01-13 09:03:33+00:00,2026-01-13 09:33:48+00:00,1219,17
259,104 DOOSAN DNM6700,2026-01-13 09:54:10+00:00,2026-01-13 11:55:45+00:00,6259,10
1091,65 DMU NLX 2500,2026-01-13 10:32:31+00:00,2026-01-13 10:51:13+00:00,778,5
659,23 DOOSAN PUMA 700,2026-01-13 10:33:46+00:00,2026-01-13 11:30:51+00:00,1836,7
182,103 HAAS VF4,2026-01-13 10:34:22+00:00,2026-01-13 10:53:38+00:00,1102,4
943,41 DMU NLX2500,2026-01-13 10:35:30+00:00,2026-01-13 12:35:56+00:00,5774,10
477,22 DMU NLX 2500 old,2026-01-13 10:35:55+00:00,2026-01-13 13:44:09+00:00,8700,13
1236,66 DMU NLX 2500,2026-01-13 10:51:14+00:00,2026-01-13 11:38:13+00:00,1197,29
113,102 HAAS VF4,2026-01-13 10:57:35+00:00,2026-01-13 11:37:04+00:00,1536,12
1092,65 DMU NLX 2500,2026-01-13 11:08:37+00:00,2026-01-13 11:36:22+00:00,850,4
183,103 HAAS VF4,2026-01-13 11:09:53+00:00,2026-01-13 11:28:00+00:00,899,4
660,23 DOOSAN PUMA 700,2026-01-13 11:48:26+00:00,2026-01-13 12:48:09+00:00,1086,8
1093,65 DMU NLX 2500,2026-01-13 11:49:40+00:00,2026-01-13 12:09:12+00:00,702,3
260,104 DOOSAN DNM6700,2026-01-13 12:12:59+00:00,2026-01-13 15:06:01+00:00,8492,13
1238,66 DMU NLX 2500,2026-01-13 12:22:12+00:00,2026-01-13 12:51:09+00:00,1012,13
1094,65 DMU NLX 2500,2026-01-13 12:24:56+00:00,2026-01-13 13:40:39+00:00,2336,13
114,102 HAAS VF4,2026-01-13 12:32:11+00:00,2026-01-13 13:46:57+00:00,3219,28
944,41 DMU NLX2500,2026-01-13 12:48:55+00:00,2026-01-13 14:02:08+00:00,4017,8
661,23 DOOSAN PUMA 700,2026-01-13 13:01:01+00:00,2026-01-13 13:49:55+00:00,1322,8
185,103 HAAS VF4,2026-01-13 13:46:13+00:00,2026-01-13 14:01:13+00:00,900,1
115,102 HAAS VF4,2026-01-13 13:59:27+00:00,2026-01-13 14:19:12+00:00,1185,1
116,102 HAAS VF4,2026-01-13 14:29:14+00:00,2026-01-13 16:12:54+00:00,5082,4
663,23 DOOSAN PUMA 700,2026-01-13 14:40:15+00:00,2026-01-13 15:19:33+00:00,1661,5
665,23 DOOSAN PUMA 700,2026-01-13 15:48:42+00:00,2026-01-13 16:02:19+00:00,614,4
478,22 DMU NLX 2500 old,2026-01-13 15:53:40+00:00,2026-01-13 17:01:40+00:00,3062,5
945,41 DMU NLX2500,2026-01-13 15:59:51+00:00,2026-01-13 17:30:57+00:00,4012,7
1239,66 DMU NLX 2500,2026-01-13 16:04:40+00:00,2026-01-13 16:44:32+00:00,1329,11
666,23 DOOSAN PUMA 700,2026-01-13 16:16:04+00:00,2026-01-13 16:42:53+00:00,1369,6
797,24 DOOSAN PUMA 3100L,2026-01-13 16:16:38+00:00,2026-01-13 18:44:08+00:00,8054,8
1240,66 DMU NLX 2500,2026-01-13 16:56:37+00:00,2026-01-13 22:48:18+00:00,11843,55
667,23 DOOSAN PUMA 700,2026-01-13 17:07:44+00:00,2026-01-13 18:02:48+00:00,2161,10
479,22 DMU NLX 2500 old,2026-01-13 17:12:49+00:00,2026-01-13 22:49:27+00:00,15302,25
946,41 DMU NLX2500,2026-01-13 17:49:45+00:00,2026-01-13 19:33:14+00:00,4260,7
668,23 DOOSAN PUMA 700,2026-01-13 18:17:55+00:00,2026-01-13 19:01:42+00:00,1658,6
669,23 DOOSAN PUMA 700,2026-01-13 19:12:32+00:00,2026-01-13 20:16:21+00:00,2666,12
798,24 DOOSAN PUMA 3100L,2026-01-13 19:33:33+00:00,2026-01-13 20:27:22+00:00,3128,5
947,41 DMU NLX2500,2026-01-13 19:47:40+00:00,2026-01-13 20:37:42+00:00,2000,3
799,24 DOOSAN PUMA 3100L,2026-01-13 20:39:38+00:00,2026-01-13 22:40:12+00:00,7154,4
670,23 DOOSAN PUMA 700,2026-01-13 20:41:01+00:00,2026-01-13 20:50:40+00:00,579,1
948,41 DMU NLX2500,2026-01-13 20:49:53+00:00,2026-01-13 21:26:26+00:00,1760,2
671,23 DOOSAN PUMA 700,2026-01-13 21:18:02+00:00,2026-01-13 22:31:35+00:00,2863,13
950,41 DMU NLX2500,2026-01-13 22:02:15+00:00,2026-01-13 22:13:25+00:00,670,1
951,41 DMU NLX2500,2026-01-13 22:39:37+00:00,2026-01-13 23:07:15+00:00,1335,2
672,23 DOOSAN PUMA 700,2026-01-13 22:54:29+00:00,2026-01-13 23:08:32+00:00,666,2
480,22 DMU NLX 2500 old,2026-01-13 23:02:35+00:00,2026-01-13 23:40:50+00:00,1730,4
1241,66 DMU NLX 2500,2026-01-13 23:04:39+00:00,2026-01-13 23:37:34+00:00,1277,5
673,23 DOOSAN PUMA 700,2026-01-13 23:29:47+00:00,2026-01-14 00:10:48+00:00,1581,9
952,41 DMU NLX2500,2026-01-13 23:37:03+00:00,2026-01-13 23:48:13+00:00,670,1
953,41 DMU NLX2500,2026-01-14 00:03:18+00:00,2026-01-14 00:21:28+00:00,1090,1
1242,66 DMU NLX 2500,2026-01-14 00:09:13+00:00,2026-01-14 04:00:38+00:00,7530,33
481,22 DMU NLX 2500 old,2026-01-14 00:10:11+00:00,2026-01-14 04:13:22+00:00,10508,16
674,23 DOOSAN PUMA 700,2026-01-14 00:37:19+00:00,2026-01-14 01:05:54+00:00,1368,5
954,41 DMU NLX2500,2026-01-14 00:54:10+00:00,2026-01-14 01:10:45+00:00,915,2
955,41 DMU NLX2500,2026-01-14 01:24:53+00:00,2026-01-14 01:55:02+00:00,1332,2
956,41 DMU NLX2500,2026-01-14 02:21:05+00:00,2026-01-14 03:19:33+00:00,2675,4
957,41 DMU NLX2500,2026-01-14 03:33:46+00:00,2026-01-14 04:00:22+00:00,1335,2
1095,65 DMU NLX 2500,2026-01-14 05:04:22+00:00,2026-01-14 05:35:56+00:00,1163,6
482,22 DMU NLX 2500 old,2026-01-14 05:10:50+00:00,2026-01-14 07:16:30+00:00,6120,10
958,41 DMU NLX2500,2026-01-14 05:11:44+00:00,2026-01-14 07:30:45+00:00,6863,10
675,23 DOOSAN PUMA 700,2026-01-14 05:16:24+00:00,2026-01-14 06:15:04+00:00,1083,9
1244,66 DMU NLX 2500,2026-01-14 05:19:22+00:00,2026-01-14 05:33:31+00:00,406,5
261,104 DOOSAN DNM6700,2026-01-14 05:20:39+00:00,2026-01-14 05:42:30+00:00,1187,5
1096,65 DMU NLX 2500,2026-01-14 05:46:35+00:00,2026-01-14 07:33:40+00:00,3499,18
262,104 DOOSAN DNM6700,2026-01-14 05:59:05+00:00,2026-01-14 07:02:20+00:00,3054,6
118,102 HAAS VF4,2026-01-14 06:03:01+00:00,2026-01-14 07:08:33+00:00,3242,8
676,23 DOOSAN PUMA 700,2026-01-14 06:43:59+00:00,2026-01-14 07:12:08+00:00,993,5
187,103 HAAS VF4,2026-01-14 06:50:32+00:00,2026-01-14 10:00:18+00:00,9585,12
263,104 DOOSAN DNM6700,2026-01-14 07:15:36+00:00,2026-01-14 08:44:54+00:00,4237,8
119,102 HAAS VF4,2026-01-14 07:26:03+00:00,2026-01-14 08:08:24+00:00,2165,2
483,22 DMU NLX 2500 old,2026-01-14 07:28:53+00:00,2026-01-14 09:49:24+00:00,6120,10
678,23 DOOSAN PUMA 700,2026-01-14 07:59:11+00:00,2026-01-14 08:27:42+00:00,1080,5
959,41 DMU NLX2500,2026-01-14 08:04:48+00:00,2026-01-14 10:01:55+00:00,6010,9
120,102 HAAS VF4,2026-01-14 08:43:02+00:00,2026-01-14 09:01:04+00:00,1082,1
679,23 DOOSAN PUMA 700,2026-01-14 08:44:29+00:00,2026-01-14 09:52:35+00:00,2161,10
800,24 DOOSAN PUMA 3100L,2026-01-14 08:53:12+00:00,2026-01-14 09:54:53+00:00,3699,2
1247,66 DMU NLX 2500,2026-01-14 08:56:32+00:00,2026-01-14 09:25:24+00:00,1289,11
264,104 DOOSAN DNM6700,2026-01-14 09:02:49+00:00,2026-01-14 10:22:48+00:00,4237,6
121,102 HAAS VF4,2026-01-14 09:20:53+00:00,2026-01-14 10:01:41+00:00,2162,2
1097,65 DMU NLX 2500,2026-01-14 09:21:07+00:00,2026-01-14 09:45:31+00:00,1170,6
1248,66 DMU NLX 2500,2026-01-14 10:17:53+00:00,2026-01-14 10:24:09+00:00,364,3
960,41 DMU NLX2500,2026-01-14 10:28:35+00:00,2026-01-14 13:15:40+00:00,8012,12
1098,65 DMU NLX 2500,2026-01-14 10:31:49+00:00,2026-01-14 11:55:44+00:00,2786,15
188,103 HAAS VF4,2026-01-14 10:33:45+00:00,2026-01-14 10:47:02+00:00,797,1
801,24 DOOSAN PUMA 3100L,2026-01-14 10:34:24+00:00,2026-01-14 11:51:21+00:00,4617,1
680,23 DOOSAN PUMA 700,2026-01-14 10:35:29+00:00,2026-01-14 11:03:32+00:00,1081,4
484,22 DMU NLX 2500 old,2026-01-14 10:38:27+00:00,2026-01-14 13:48:43+00:00,9187,15
265,104 DOOSAN DNM6700,2026-01-14 10:43:52+00:00,2026-01-14 11:32:44+00:00,2216,8
122,102 HAAS VF4,2026-01-14 10:45:33+00:00,2026-01-14 11:54:56+00:00,3244,3
1249,66 DMU NLX 2500,2026-01-14 10:48:00+00:00,2026-01-14 10:58:09+00:00,552,3
189,103 HAAS VF4,2026-01-14 11:00:33+00:00,2026-01-14 11:29:07+00:00,1598,2
1250,66 DMU NLX 2500,2026-01-14 11:09:10+00:00,2026-01-14 11:44:06+00:00,917,9
377,21 DOOSAN PUMA700,2026-01-14 11:18:36+00:00,2026-01-15 05:33:06+00:00,62302,63
681,23 DOOSAN PUMA 700,2026-01-14 11:21:08+00:00,2026-01-14 12:59:56+00:00,3243,14
190,103 HAAS VF4,2026-01-14 11:41:10+00:00,2026-01-14 15:11:22+00:00,10205,20
266,104 DOOSAN DNM6700,2026-01-14 11:54:19+00:00,2026-01-14 12:28:05+00:00,2026,1
1099,65 DMU NLX 2500,2026-01-14 12:06:40+00:00,2026-01-14 13:03:13+00:00,1475,8
1251,66 DMU NLX 2500,2026-01-14 12:08:38+00:00,2026-01-14 12:32:21+00:00,912,5
123,102 HAAS VF4,2026-01-14 12:15:16+00:00,2026-01-14 12:33:16+00:00,1080,1
267,104 DOOSAN DNM6700,2026-01-14 12:45:14+00:00,2026-01-14 14:11:06+00:00,4255,6
124,102 HAAS VF4,2026-01-14 12:45:22+00:00,2026-01-14 14:10:53+00:00,4079,7
1252,66 DMU NLX 2500,2026-01-14 12:49:17+00:00,2026-01-14 13:08:50+00:00,992,5
803,24 DOOSAN PUMA 3100L,2026-01-14 13:16:00+00:00,2026-01-14 15:42:40+00:00,8555,8
682,23 DOOSAN PUMA 700,2026-01-14 13:21:25+00:00,2026-01-14 13:52:11+00:00,1082,4
961,41 DMU NLX2500,2026-01-14 13:27:27+00:00,2026-01-14 13:45:35+00:00,1088,1
1253,66 DMU NLX 2500,2026-01-14 13:28:47+00:00,2026-01-14 13:45:34+00:00,960,5
683,23 DOOSAN PUMA 700,2026-01-14 14:12:57+00:00,2026-01-14 14:22:36+00:00,579,1
268,104 DOOSAN DNM6700,2026-01-14 14:22:18+00:00,2026-01-14 15:50:55+00:00,4233,9
125,102 HAAS VF4,2026-01-14 14:39:50+00:00,2026-01-14 16:25:33+00:00,4590,9
686,23 DOOSAN PUMA 700,2026-01-14 15:07:23+00:00,2026-01-14 15:52:00+00:00,1749,6
962,41 DMU NLX2500,2026-01-14 15:25:52+00:00,2026-01-14 17:06:45+00:00,4259,7
485,22 DMU NLX 2500 old,2026-01-14 15:30:38+00:00,2026-01-14 15:41:56+00:00,485,2
687,23 DOOSAN PUMA 700,2026-01-14 16:04:20+00:00,2026-01-14 16:16:03+00:00,503,3
269,104 DOOSAN DNM6700,2026-01-14 16:05:00+00:00,2026-01-14 16:38:08+00:00,1839,4
804,24 DOOSAN PUMA 3100L,2026-01-14 16:07:13+00:00,2026-01-14 18:36:41+00:00,8862,6
1254,66 DMU NLX 2500,2026-01-14 16:15:31+00:00,2026-01-14 19:21:24+00:00,6918,27
487,22 DMU NLX 2500 old,2026-01-14 16:18:09+00:00,2026-01-14 21:54:13+00:00,15152,24
688,23 DOOSAN PUMA 700,2026-01-14 16:29:47+00:00,2026-01-14 16:39:26+00:00,579,1
126,102 HAAS VF4,2026-01-14 16:49:19+00:00,2026-01-14 17:07:20+00:00,1081,1
689,23 DOOSAN PUMA 700,2026-01-14 16:49:42+00:00,2026-01-14 17:35:39+00:00,1578,7
963,41 DMU NLX2500,2026-01-14 17:25:00+00:00,2026-01-14 17:36:13+00:00,673,1
964,41 DMU NLX2500,2026-01-14 17:51:33+00:00,2026-01-14 18:09:45+00:00,1092,1
690,23 DOOSAN PUMA 700,2026-01-14 17:54:27+00:00,2026-01-14 18:17:53+00:00,1081,4
965,41 DMU NLX2500,2026-01-14 18:26:53+00:00,2026-01-14 19:40:56+00:00,3334,5
691,23 DOOSAN PUMA 700,2026-01-14 18:34:07+00:00,2026-01-14 19:00:30+00:00,1082,4
805,24 DOOSAN PUMA 3100L,2026-01-14 19:05:23+00:00,2026-01-15 00:40:24+00:00,19251,9
693,23 DOOSAN PUMA 700,2026-01-14 19:31:04+00:00,2026-01-14 20:48:38+00:00,2743,9
1255,66 DMU NLX 2500,2026-01-14 19:32:51+00:00,2026-01-14 22:00:24+00:00,5954,24
966,41 DMU NLX2500,2026-01-14 19:54:29+00:00,2026-01-14 20:45:20+00:00,2007,3
694,23 DOOSAN PUMA 700,2026-01-14 21:20:26+00:00,2026-01-14 21:35:01+00:00,503,3
967,41 DMU NLX2500,2026-01-14 21:30:14+00:00,2026-01-14 21:41:24+00:00,670,1
695,23 DOOSAN PUMA 700,2026-01-14 21:50:15+00:00,2026-01-14 23:15:01+00:00,3201,11
968,41 DMU NLX2500,2026-01-14 21:53:34+00:00,2026-01-14 22:11:41+00:00,1087,2
1256,66 DMU NLX 2500,2026-01-14 22:36:18+00:00,2026-01-15 02:30:03+00:00,8466,36
488,22 DMU NLX 2500 old,2026-01-14 22:37:35+00:00,2026-01-15 03:55:02+00:00,14813,23
969,41 DMU NLX2500,2026-01-14 22:58:51+00:00,2026-01-14 23:43:58+00:00,2003,3
696,23 DOOSAN PUMA 700,2026-01-14 23:28:30+00:00,2026-01-14 23:34:06+00:00,327,2
697,23 DOOSAN PUMA 700,2026-01-14 23:53:27+00:00,2026-01-15 00:44:25+00:00,1659,6
698,23 DOOSAN PUMA 700,2026-01-15 01:03:32+00:00,2026-01-15 01:55:31+00:00,2161,9
699,23 DOOSAN PUMA 700,2026-01-15 02:22:37+00:00,2026-01-15 02:35:31+00:00,502,3
1257,66 DMU NLX 2500,2026-01-15 02:40:11+00:00,2026-01-15 04:05:02+00:00,3332,15
1100,65 DMU NLX 2500,2026-01-15 04:58:38+00:00,2026-01-15 05:35:27+00:00,1167,6
489,22 DMU NLX 2500 old,2026-01-15 05:08:21+00:00,2026-01-15 08:11:53+00:00,9164,15
971,41 DMU NLX2500,2026-01-15 05:10:27+00:00,2026-01-15 08:58:33+00:00,11420,19
700,23 DOOSAN PUMA 700,2026-01-15 05:16:03+00:00,2026-01-15 06:36:59+00:00,2743,9
191,103 HAAS VF4,2026-01-15 05:17:27+00:00,2026-01-15 08:58:32+00:00,10702,15
270,104 DOOSAN DNM6700,2026-01-15 05:23:09+00:00,2026-01-15 05:29:30+00:00,381,1
1260,66 DMU NLX 2500,2026-01-15 05:27:38+00:00,2026-01-15 06:37:56+00:00,2004,11
271,104 DOOSAN DNM6700,2026-01-15 05:40:42+00:00,2026-01-15 06:14:18+00:00,2016,1
378,21 DOOSAN PUMA700,2026-01-15 05:43:44+00:00,2026-01-15 06:55:25+00:00,2945,16
1101,65 DMU NLX 2500,2026-01-15 05:46:48+00:00,2026-01-15 06:18:44+00:00,929,5
806,24 DOOSAN PUMA 3100L,2026-01-15 05:48:36+00:00,2026-01-15 08:16:57+00:00,8857,2
128,102 HAAS VF4,2026-01-15 05:58:51+00:00,2026-01-15 06:18:59+00:00,1192,2
272,104 DOOSAN DNM6700,2026-01-15 06:24:20+00:00,2026-01-15 07:45:15+00:00,4237,10
1261,66 DMU NLX 2500,2026-01-15 06:48:51+00:00,2026-01-15 07:09:51+00:00,997,5
701,23 DOOSAN PUMA 700,2026-01-15 06:51:58+00:00,2026-01-15 07:02:46+00:00,416,2
1103,65 DMU NLX 2500,2026-01-15 06:59:45+00:00,2026-01-15 07:14:38+00:00,729,3
379,21 DOOSAN PUMA700,2026-01-15 07:11:30+00:00,2026-01-15 08:58:32+00:00,5393,43
702,23 DOOSAN PUMA 700,2026-01-15 07:20:46+00:00,2026-01-15 08:58:32+00:00,3138,13
1262,66 DMU NLX 2500,2026-01-15 07:28:06+00:00,2026-01-15 08:18:33+00:00,1994,9
1104,65 DMU NLX 2500,2026-01-15 07:28:39+00:00,2026-01-15 08:19:22+00:00,1356,8
131,102 HAAS VF4,2026-01-15 07:38:01+00:00,2026-01-15 08:58:32+00:00,3996,3
273,104 DOOSAN DNM6700,2026-01-15 08:00:24+00:00,2026-01-15 08:58:32+00:00,3097,6
490,22 DMU NLX 2500 old,2026-01-15 08:25:57+00:00,2026-01-15 08:57:10+00:00,1726,4
1263,66 DMU NLX 2500,2026-01-15 08:36:15+00:00,2026-01-15 08:56:09+00:00,990,5
